National_Gm_Num,Network,Date,Start Time,End Time,Duration,Away Team,Home Team,National Rating,Average Viewers (000),Average Households (000)
1,TNT,2016-10-25,7:33 PM,10:12 PM,159,NYK,Cleveland,2.2,2872,2044
2,TNT,2016-10-25,10:12 PM,12:56 AM,164,SAS,Golden State,2.6,3483,2428
3,ESPN,2016-10-26,8:04 PM,10:42 PM,158,OKC,Philadelphia,1.4,1583,1224
4,ESPN,2016-10-26,10:42 PM,1:12 AM,150,HOU,L.A. Lakers,1.7,2002,1518
5,TNT,2016-10-27,8:13 PM,10:49 PM,156,BOS,Chicago,1.6,1961,1430
6,TNT,2016-10-27,10:49 PM,1:44 AM,175,LAC,Portland,1.4,1685,1256
7,ESPN,2016-10-28,7:00 PM,9:37 PM,157,CLE,Toronto,1.1,1410,1015
8,ESPN,2016-10-28,9:37 PM,12:11 AM,154,GSW,New Orleans,1.5,1875,1340
9,NBA TV,2016-10-29,8:00 PM,10:37 PM,157,NOP,San Antonio,0.3,219,161
10,NBA TV,2016-10-29,10:37 PM,1:25 AM,168,MIN,Sacramento,0.36,260,192
11,NBA TV,2016-10-30,8:00 PM,10:48 PM,168,WAS,Memphis,0.12,82,64
12,NBA TV,2016-10-31,7:30 PM,9:46 PM,136,CHI,Brooklyn,0.28,176,151
13,NBA TV,2016-11-1,6:00 PM,8:43 PM,163,HOU,Cleveland,0.59,400,317
14,NBA TV,2016-11-1,10:04 PM,12:27 AM,143,GSW,Portland,0.98,692,525
15,ESPN,2016-11-2,8:04 PM,10:38 PM,154,CHI,Boston,0.7,811,647
16,ESPN,2016-11-2,10:38 PM,1:08 AM,150,OKC,L.A. Clippers,0.8,947,701
17,TNT,2016-11-3,8:14 PM,10:50 PM,156,BOS,Cleveland,1.7,2277,1601
18,TNT,2016-11-3,10:50 PM,1:19 AM,149,OKC,Golden State,2.9,3769,2657
19,ESPN,2016-11-4,8:05 PM,10:36 PM,151,NYK,Chicago,1.7,1999,1499
20,ESPN,2016-11-4,10:36 PM,1:03 AM,147,GSW,L.A. Lakers,2,2496,1819
21,NBA TV,2016-11-5,8:30 PM,11:05 PM,155,LAC,San Antonio,0.34,270,184
22,NBA TV,2016-11-6,9:00 PM,11:27 PM,147,MIL,Dallas,0.23,191,122
23,NBA TV,2016-11-7,7:00 PM,9:47 PM,167,UTA,Philadelphia,0.25,171,134
24,NBA TV,2016-11-8,7:02 PM,9:31 PM,149,ATL,Cleveland,0.59,429,314
25,NBA TV,2016-11-8,10:30 PM,1:08 AM,158,NOP,Sacramento,0.25,174,131
26,ESPN,2016-11-9,6:59 PM,9:32 PM,153,BRK,New York,1,1114,861
27,ESPN,2016-11-9,9:32 PM,12:03 AM,151,HOU,San Antonio,1.3,1451,1112
28,TNT,2016-11-10,8:15 PM,10:45 PM,150,CHI,Miami,1.3,1581,1192
29,TNT,2016-11-10,10:45 PM,1:18 AM,153,LAL,Sacramento,1.2,1497,1104
30,NBA TV,2016-11-11,8:00 PM,10:43 PM,163,LAC,Oklahoma City,0.56,407,297
31,NBA TV,2016-11-12,9:00 PM,11:18 PM,138,DET,Denver,0.15,105,80
32,NBA TV,2016-11-14,9:00 PM,11:18 PM,163,PHI,Houston,0.19,136,101
33,NBA TV,2016-11-15,7:02 PM,9:35 PM,153,TOR,Cleveland,0.68,473,363
34,NBA TV,2016-11-15,10:00 PM,12:19 AM,139,CHI,Portland,0.46,306,245
35,ESPN,2016-11-16,8:04 PM,10:46 PM,162,GSW,Toronto,1.7,2000,1508
36,ESPN,2016-11-16,10:46 PM,1:28 AM,162,MEM,L.A. Clippers,1.4,1615,1240
37,TNT,2016-11-17,8:14 PM,10:40 PM,146,PHI,Minnesota,0.5,611,494
38,TNT,2016-11-17,10:40 PM,1:05 AM,145,CHI,Utah,0.6,736,585
39,ESPN,2016-11-18,8:05 PM,10:35 PM,150,GSW,Boston,1.7,1962,1468
40,ESPN,2016-11-18,10:35 PM,1:19 AM,164,LAC,Sacramento,1.1,1281,984
41,NBA TV,2016-11-19,8:00 PM,10:40 PM,160,MIN,Memphis,0.26,172,139
42,NBA TV,2016-11-19,10:40 PM,1:17 AM,157,CHI,L.A. Clippers,0.42,286,225
43,NBA TV,2016-11-21,8:31 PM,10:58 PM,147,DAL,San Antonio,0.28,202,146
44,NBA TV,2016-11-22,9:05 PM,11:31 PM,146,CHI,Denver,0.62,449,329
45,ESPN,2016-11-23,6:59 PM,9:35 PM,156,SAS,Charlotte,1,1110,857
46,ESPN,2016-11-23,9:35 PM,11:57 PM,142,MIN,New Orleans,1.1,1287,933
47,NBA TV,2016-11-25,7:30 PM,10:08 PM,158,CHA,New York,0.42,303,223
48,NBA TV,2016-11-25,10:35 PM,1:01 AM,146,GSW,L.A. Lakers,0.76,627,402
49,NBA TV,2016-11-26,7:00 PM,9:38 PM,158,SAS,Washington,0.28,202,147
50,NBA TV,2016-11-28,7:31 PM,10:15 PM,164,BOS,Miami,0.23,156,124
51,NBA TV,2016-11-29,9:00 PM,11:23 PM,143,HOU,Utah,0.46,322,240
52,NBA TV,2016-11-30,7:30 PM,10:00 PM,150,DET,Boston,0.37,231,193
53,NBA TV,2016-11-30,10:00 PM,12:27 AM,147,IND,Portland,0.38,249,198
54,TNT,2016-12-1,8:14 PM,10:51 PM,157,LAC,Cleveland,0.9,1053,825
55,TNT,2016-12-1,10:51 PM,2:09 AM,198,HOU,Golden State,1.4,1591,1238
56,ESPN,2016-12-2,8:01 PM,10:25 PM,144,CLE,Chicago,1.5,1713,1320
57,ESPN,2016-12-2,10:25 PM,12:57 AM,152,HOU,Denver,1.1,1216,937
58,NBA TV,2016-12-3,9:00 PM,11:37 PM,157,DEN,Utah,0.14,102,74
59,NBA TV,2016-12-5,8:00 PM,10:35 PM,155,BOS,Houston,0.38,253,202
60,NBA TV,2016-12-5,10:35 PM,1:06 AM,151,IND,Golden State,0.75,497,394
61,NBA TV,2016-12-6,8:00 PM,10:27 PM,147,SAS,Minnesota,0.53,361,279
62,ESPN,2016-12-7,8:00 PM,10:35 PM,155,CLE,New York,1.6,1828,1419
63,ESPN,2016-12-7,10:35 PM,1:13 AM,158,GSW,L.A. Clippers,2,2367,1785
64,TNT,2016-12-8,7:14 PM,9:44 PM,150,MIN,Toronto,0.6,707,578
65,TNT,2016-12-8,9:44 PM,12:10 AM,146,SAS,Chicago,0.9,1037,795
66,ESPN,2016-12-9,8:04 PM,10:41 PM,157,HOU,Oklahoma City,1.5,1820,1358
67,ESPN,2016-12-9,10:41 PM,1:08 AM,147,PHX,L.A. Lakers,1.3,1584,1174
68,NBA TV,2016-12-10,8:00 PM,10:34 PM,154,MIA,Chicago,0.49,342,259
69,NBA TV,2016-12-10,10:34 PM,12:59 AM,145,NOP,L.A. Clippers,0.42,274,220
70,NBA TV,2016-12-12,7:30 PM,10:08 PM,158,WAS,Miami,0.21,141,111
71,NBA TV,2016-12-12,10:35 PM,1:25 AM,170,POR,L.A. Clippers,0.36,249,188
72,ESPN,2016-12-13,8:01 PM,10:35 PM,154,MIN,Chicago,1.2,1353,1092
73,ESPN,2016-12-13,10:35 PM,1:05 AM,150,OKC,Portland,1.4,1530,1204
74,ESPN,2016-12-14,6:59 PM,9:35 PM,156,IND,Miami,0.9,996,809
75,ESPN,2016-12-14,9:35 PM,11:55 PM,140,BOS,San Antonio,1.3,1394,1111
76,TNT,2016-12-15,8:14 PM,10:50 PM,156,CHI,Milwaukee,0.8,924,733
77,TNT,2016-12-15,10:50 PM,1:13 AM,143,NYK,Golden State,1.2,1431,1110
78,ESPN,2016-12-16,8:01 PM,10:42 PM,161,LAL,Philadelphia,1,1116,841
79,ESPN,2016-12-16,10:42 PM,1:14 AM,152,DAL,Utah,0.9,1062,774
80,NBA TV,2016-12-17,10:30 PM,1:03 AM,153,POR,Golden State,0.52,331,272
81,NBA TV,2016-12-19,8:00 PM,10:38 PM,158,PHX,Minnesota,0.22,166,115
82,NBA TV,2016-12-20,8:00 PM,10:27 PM,147,SAS,Houston,0.66,462,350
83,NBA TV,2016-12-20,10:27 PM,12:54 AM,147,UTA,Golden State,0.89,603,466
84,NBA TV,2016-12-21,7:00 PM,9:31 PM,151,MIL,Cleveland,0.51,386,268
85,NBA TV,2016-12-21,10:00 PM,12:42 AM,162,DAL,Portland,0.49,358,258
86,TNT,2016-12-22,8:13 PM,10:51 PM,158,LAL,Miami,0.6,772,576
87,TNT,2016-12-22,10:51 PM,1:28 AM,157,SAS,L.A. Clippers,0.8,977,755
88,NBA TV,2016-12-23,7:30 PM,10:00 PM,150,OKC,Boston,0.55,388,289
89,NBA TV,2016-12-23,10:30 PM,1:02 AM,152,DAL,L.A. Clippers,0.49,342,260
90,ESPN,2016-12-25,12:00 PM,2:38 PM,158,BOS,New York,2.7,3689,2394
91,ABC,2016-12-25,2:28 PM,5:18 PM,170,GSW,Cleveland,4.9,10143,5822
92,ABC,2016-12-25,5:18 PM,7:44 PM,146,CHI,San Antonio,2.8,5465,3320
93,ESPN,2016-12-25,7:59 PM,10:34 PM,155,MIN,Oklahoma City,1.1,1390,954
94,ESPN,2016-12-25,10:34 PM,1:07 AM,153,LAC,L.A. Lakers,1.3,1610,1125
95,NBA TV,2016-12-26,8:00 PM,10:31 PM,151,IND,Chicago,0.23,163,119
96,NBA TV,2016-12-26,10:31 PM,1:04 AM,153,DEN,L.A. Clippers,0.26,187,136
97,NBA TV,2016-12-27,7:30 PM,10:01 PM,151,OKC,Miami,0.61,445,319
98,NBA TV,2016-12-27,10:30 PM,1:07 AM,157,UTA,L.A. Lakers,0.49,357,256
99,NBA TV,2016-12-28,7:30 PM,9:51 PM,141,MIL,Detroit,0.31,221,161
100,NBA TV,2016-12-28,10:30 PM,1:02 AM,152,TOR,Golden State,0.89,616,465
101,TNT,2016-12-29,8:14 PM,10:49 PM,155,BOS,Cleveland,1.3,1616,1164
102,TNT,2016-12-29,10:49 PM,1:10 AM,141,DAL,L.A. Lakers,1,1268,931
103,NBA TV,2016-12-30,8:00 PM,10:34 PM,154,LAC,Houston,0.31,195,165
104,NBA TV,2016-12-31,8:00 PM,10:36 PM,156,LAC,Oklahoma City,0.26,203,134
105,NBA TV,2017-1-2,8:00 PM,10:32 PM,152,CHA,Chicago,0.32,234,167
106,NBA TV,2017-1-3,7:34 PM,10:00 PM,146,UTA,Boston,0.54,377,281
107,NBA TV,2017-1-3,10:31 PM,12:57 AM,146,MEM,L.A. Lakers,0.41,253,214
108,ESPN,2017-1-4,8:01 PM,10:35 PM,154,CHI,Cleveland,1.7,2061,1499
109,ESPN,2017-1-4,10:35 PM,1:15 AM,160,POR,Golden State,1.8,2159,1603
110,TNT,2017-1-5,8:00 PM,10:39 PM,159,OKC,Houston,1.4,1782,1295
111,TNT,2017-1-5,10:39 PM,1:13 AM,154,LAL,Portland,1.1,1385,1023
112,ESPN,2017-1-6,8:01 PM,10:40 PM,159,NYK,Milwaukee,1.4,1584,1210
113,ESPN,2017-1-6,10:40 PM,1:37 AM,177,MEM,Golden State,1.7,2029,1510
114,NBA TV,2017-1-8,8:01 PM,10:34 PM,153,UTA,Memphis,0.32,231,170
115,NBA TV,2017-1-10,7:30 PM,10:06 PM,156,BOS,Toronto,0.42,329,219
116,NBA TV,2017-1-10,10:31 PM,12:58 AM,147,MIA,Golden State,0.76,507,396
117,ESPN,2017-1-11,8:01 PM,10:38 PM,157,MEM,Oklahoma City,1.2,1346,1060
118,ESPN,2017-1-11,10:38 PM,12:58 AM,140,CLE,Portland,1.5,1650,1280
119,NBA TV,2017-1-12,2:58 PM,5:23 PM,145,IND,Denver,0.12,67,64
120,TNT,2017-1-12,8:14 PM,10:36 PM,142,CHI,New York,1.2,1442,1097
121,TNT,2017-1-12,10:36 PM,1:09 AM,153,DET,Golden State,1.3,1550,1190
122,ESPN,2017-1-13,8:01 PM,10:35 PM,154,BOS,Atlanta,1,1161,921
123,ESPN,2017-1-13,10:35 PM,12:54 AM,139,DET,Utah,0.9,1063,780
124,NBA TV,2017-1-14,6:00 PM,8:32 PM,152,SAS,Phoenix,0.13,113,70
125,ESPN,2017-1-15,9:00 PM,11:33 PM,153,CHI,Memphis,0.3,377,298
126,NBA TV,2017-1-16,1:00 PM,3:45 PM,165,ATL,New York,0.28,159,145
127,NBA TV,2017-1-16,5:04 PM,7:18 PM,134,ORL,Denver,0.24,157,128
128,TNT,2017-1-16,8:01 PM,10:38 PM,157,CLE,Golden State,3.3,4529,3039
129,TNT,2017-1-16,10:38 PM,1:01 AM,143,OKC,L.A. Clippers,1.4,1716,1263
130,NBA TV,2017-1-17,7:31 PM,10:02 PM,151,HOU,Miami,0.52,340,272
131,NBA TV,2017-1-17,10:34 PM,1:00 AM,146,DEN,L.A. Lakers,0.51,334,266
132,ESPN,2017-1-18,8:01 PM,10:34 PM,153,MIL,Houston,1.1,1298,983
133,ESPN,2017-1-18,10:34 PM,1:03 AM,149,OKC,Golden State,2.2,2650,1934
134,TNT,2017-1-19,8:00 PM,10:22 PM,142,WAS,New York,1.2,1423,1054
135,TNT,2017-1-19,10:22 PM,1:07 AM,165,MIN,L.A. Clippers,1,1211,937
136,ESPN,2017-1-20,8:01 PM,10:35 PM,154,GSW,Houston,1.7,2075,1537
137,ESPN,2017-1-20,10:35 PM,12:56 AM,141,IND,L.A. Lakers,1.2,1360,1042
138,ABC,2017-1-21,8:29 PM,11:19 PM,170,SAS,Cleveland,2.2,3602,2575
139,TNT,2017-1-23,8:13 PM,10:50 PM,157,NYK,Indiana,0.8,977,723
140,NBA TV,2017-1-24,7:00 PM,9:38 PM,158,SAS,Toronto,0.39,259,203
141,ESPN,2017-1-25,8:00 PM,10:35 PM,155,GSW,Charlotte,1.6,1849,1386
142,ESPN,2017-1-25,10:35 PM,12:56 AM,141,LAL,Portland,1.2,1347,1013
143,TNT,2017-1-26,8:00 PM,10:33 PM,153,DAL,Oklahoma City,1.1,1305,1002
144,TNT,2017-1-26,10:33 PM,1:02 AM,149,LAL,Utah,0.9,1040,842
145,ESPN,2017-1-27,8:01 PM,10:45 PM,164,HOU,Philadelphia,1.3,1545,1142
146,ABC,2017-1-28,8:29 PM,11:00 PM,151,LAC,Golden State,2,3263,2347
147,ABC,2017-1-29,3:28 PM,6:00 PM,152,OKC,Cleveland,2,3189,2403
148,NBA TV,2017-1-29,6:00 PM,8:09 PM,129,WAS,New Orleans,0.33,234,174
149,NBA TV,2017-1-29,9:00 PM,11:36 PM,156,GSW,Portland,0.77,583,402
150,TNT,2017-1-30,8:14 PM,10:47 PM,153,DET,Boston,1,1111,869
151,TNT,2017-1-30,10:47 PM,1:05 AM,138,MEM,Phoenix,0.8,861,680
152,NBA TV,2017-1-31,8:30 PM,11:17 PM,167,OKC,San Antonio,0.74,494,385
153,ESPN,2017-2-1,6:59 PM,9:22 PM,143,MIN,Cleveland,1.4,1474,1191
154,ESPN,2017-2-1,9:30 PM,11:57 PM,147,CHI,Oklahoma City,1.3,1458,1157
155,TNT,2017-2-2,8:02 PM,10:38 PM,156,ATL,Houston,1.2,1475,1121
156,TNT,2017-2-2,10:38 PM,1:16 AM,158,GSW,L.A. Clippers,1.9,2357,1713
157,ESPN,2017-2-3,8:01 PM,10:35 PM,154,LAL,Boston,1.3,1521,1118
158,ESPN,2017-2-3,10:35 PM,1:01 AM,146,DAL,Portland,1,1179,876
159,ABC,2017-2-4,8:29 PM,11:01 PM,152,CLE,New York,1.7,2821,2006
160,ABC,2017-2-5,1:58 PM,4:31 PM,153,LAC,Boston,1.3,2079,1558
161,TNT,2017-2-6,7:14 PM,10:13 PM,179,CLE,Washington,1.4,1730,1247
162,TNT,2017-2-6,10:13 PM,12:18 AM,125,SAS,Memphis,1.1,1308,986
163,NBA TV,2017-2-7,8:01 PM,10:21 PM,140,ORL,Houston,0.41,266,213
164,ESPN,2017-2-8,8:01 PM,10:38 PM,157,LAC,New York,1.3,1541,1129
165,ESPN,2017-2-8,10:38 PM,12:58 AM,140,CHI,Golden State,1.6,1958,1413
166,TNT,2017-2-9,8:13 PM,10:43 PM,150,CLE,Oklahoma City,1.8,2106,1597
167,TNT,2017-2-9,10:43 PM,1:17 AM,154,BOS,Portland,1.1,1314,1004
168,ESPN,2017-2-10,8:01 PM,10:30 PM,149,IND,Washington,1,1156,863
169,ESPN,2017-2-10,10:30 PM,12:55 AM,145,CHI,Phoenix,1,1163,849
170,ABC,2017-2-11,8:28 PM,11:19 PM,171,GSW,Oklahoma City,3.4,6036,4000
171,ABC,2017-2-12,3:28 PM,6:03 PM,155,SAS,New York,1.9,2867,2231
172,NBA TV,2017-2-12,6:00 PM,8:28 PM,148,DET,Toronto,0.45,313,231
173,NBA TV,2017-2-12,9:00 PM,11:35 PM,155,NOP,Sacramento,0.37,257,190
174,TNT,2017-2-13,8:14 PM,10:43 PM,149,OKC,Washington,0.937425209,1095,849
175,TNT,2017-2-13,10:43 PM,1:40 AM,177,ATL,Portland,0.737770737,876,668
176,NBA TV,2017-2-14,8:00 PM,10:27 PM,147,CLE,Minnesota,0.8,508,391
177,NBA TV,2017-2-14,10:27 PM,12:54 AM,147,SAC,L.A. Lakers,0.5,326,249
178,ESPN,2017-2-15,7:00 PM,9:35 PM,155,IND,Cleveland,1.2,1383,1093
179,ESPN,2017-2-15,9:35 PM,12:01 AM,146,NYK,Oklahoma City,1.4,1555,1217
180,TNT,2017-2-16,8:00 PM,10:28 PM,148,BOS,Chicago,1.2,1449,1098
181,TNT,2017-2-23,8:14 PM,10:34 PM,140,NYK,Cleveland,1.6,2052,1492
182,TNT,2017-2-23,10:34 PM,1:23 AM,169,LAC,Golden State,2.1,2597,1890
183,ESPN,2017-2-24,8:01 PM,10:44 PM,163,BOS,Toronto,1.1,1267,987
184,ESPN,2017-2-24,10:44 PM,1:13 AM,149,SAS,L.A. Clippers,1.3,1537,1163
185,NBA TV,2017-2-25,5:02 PM,7:14 PM,132,CHA,Sacramento,0.18,139,95
186,ABC,2017-2-25,8:29 PM,10:53 PM,144,CHI,Cleveland,1.5,2437,1828
187,NBA TV,2017-2-26,3:30 PM,6:00 PM,150,PHX,Milwaukee,0.44,278,228
188,NBA TV,2017-2-26,7:00 PM,9:39 PM,159,NOP,Oklahoma City,0.81,579,420
189,NBA TV,2017-2-26,9:39 PM,12:31 AM,172,CHA,L.A. Clippers,0.63,435,325
190,TNT,2017-2-27,7:14 PM,9:44 PM,150,MIL,Cleveland,0.9,1077,835
191,TNT,2017-2-27,9:44 PM,12:22 AM,158,IND,Houston,1,1204,934
192,NBA TV,2017-2-28,7:02 PM,9:36 PM,154,GSW,Washington,0.87,565,443
193,NBA TV,2017-2-28,10:30 PM,12:54 AM,144,CHA,L.A. Lakers,0.38,249,193
194,ESPN,2017-3-1,8:00 PM,10:37 PM,157,CLE,Boston,1.9,2247,1679
195,ESPN,2017-3-1,10:37 PM,1:04 AM,147,HOU,L.A. Clippers,1.3,1556,1173
196,TNT,2017-3-2,8:14 PM,10:43 PM,149,GSW,Chicago,2.2,2698,1978
197,TNT,2017-3-2,10:43 PM,1:23 AM,160,OKC,Portland,1.5,1791,1356
198,ESPN,2017-3-3,6:59 PM,9:36 PM,157,CLE,Atlanta,1,1183,890
199,ESPN,2017-3-3,9:36 PM,12:20 AM,164,SAS,New Orleans,1.5,1814,1338
200,ABC,2017-3-4,8:29 PM,10:55 PM,146,LAC,Chicago,1.1,1673,1317
201,ABC,2017-3-5,3:29 PM,6:05 PM,156,GSW,New York,2.1,3276,2471
202,NBA TV,2017-3-5,6:00 PM,8:52 PM,172,UTA,Sacramento,0.36,255,184
203,ESPN,2017-3-5,8:30 PM,11:00 PM,150,OKC,Dallas,1.39,1638,1211
204,TNT,2017-3-6,8:14 PM,10:42 PM,148,IND,Charlotte,0.68,801,613
205,TNT,2017-3-6,10:42 PM,1:29 AM,167,BOS,L.A. Clippers,0.86,992,777
206,NBA TV,2017-3-7,8:00 PM,10:41 PM,161,POR,Oklahoma City,0.66,415,334
207,ESPN,2017-3-8,8:01 PM,10:28 PM,147,DET,Indiana,0.9,994,754
208,ESPN,2017-3-8,10:28 PM,12:58 AM,150,BOS,Golden State,1.7,2016,1518
209,TNT,2017-3-9,8:15 PM,10:43 PM,148,SAS,Oklahoma City,1.3,1641,1210
210,TNT,2017-3-9,10:43 PM,1:11 AM,148,LAL,Phoenix,0.9,1053,784
211,NBA TV,2017-3-10,8:00 PM,10:39 PM,159,GSW,Minnesota,0.83,618,421
212,NBA TV,2017-3-10,10:39 PM,1:17 AM,158,WAS,Sacramento,0.36,239,183
213,ABC,2017-3-11,8:29 PM,10:54 PM,145,GSW,San Antonio,1.5,2450,1786
214,ABC,2017-3-12,3:29 PM,5:41 PM,132,CHI,Boston,1.1,1694,1288
215,NBA TV,2017-3-12,6:00 PM,8:42 PM,162,MIA,Indiana,0.4,289,202
216,ESPN,2017-3-12,9:00 PM,11:34 PM,154,CLE,Houston,2,2335,1748
217,TNT,2017-3-13,8:14 PM,10:47 PM,153,ATL,San Antonio,1,1209,896
218,TNT,2017-3-13,10:47 PM,1:08 AM,141,LAL,Denver,0.8,996,702
219,NBA TV,2017-3-14,7:02 PM,9:27 PM,145,DET,Cleveland,0.46,317,233
220,NBA TV,2017-3-14,10:30 PM,1:25 AM,175,PHI,Golden State,0.82,597,418
221,ESPN,2017-3-15,8:01 PM,10:36 PM,155,POR,San Antonio,1.1,1253,936
222,ESPN,2017-3-15,10:36 PM,1:08 AM,152,MIL,L.A. Clippers,1.1,1203,925
223,NBA TV,2017-3-16,7:00 PM,9:27 PM,147,UTA,Cleveland,0.42,213,303
224,NBA TV,2017-3-17,8:00 PM,10:33 PM,153,MIN,Miami,0.25,164,129
225,ABC,2017-3-18,8:29 PM,10:56 PM,147,CLE,L.A. Clippers,1,1647,1238
226,NBA TV,2017-3-19,6:00 PM,8:36 PM,156,IND,Toronto,0.19,133,98
227,NBA TV,2017-3-19,9:32 PM,11:58 PM,146,CLE,L.A. Lakers,0.4,279,204
228,TNT,2017-3-20,8:14 PM,10:44 PM,150,GSW,Oklahoma City,2.1,2554,1881
229,TNT,2017-3-20,10:44 PM,1:10 AM,146,NYK,L.A. Clippers,1.1,1255,981
230,ESPN,2017-3-21,7:00 PM,10:09 PM,189,CHI,Toronto,1,1102,836
231,ESPN,2017-3-21,10:09 PM,12:12 AM,123,SAS,Minnesota,1.1,1236,948
232,ESPN,2017-3-22,8:01 PM,10:43 PM,162,ATL,Washington,0.9,1027,800
233,ESPN,2017-3-22,10:43 PM,1:01 AM,138,NYK,Utah,0.8,903,713
234,NBA TV,2017-3-23,7:31 PM,10:06 PM,155,TOR,Miami,0.3,200,153
235,NBA TV,2017-3-24,8:11 PM,10:50 PM,163,ATL,Milwaukee,0.21,144,105
236,NBA TV,2017-3-25,7:33 PM,10:00 PM,147,NYK,San Antonio,0.49,323,247
237,ABC,2017-3-26,3:29 PM,6:04 PM,155,OKC,Houston,0.9,1488,1107
238,NBA TV,2017-3-26,9:30 PM,11:46 PM,136,POR,L.A. Lakers,0.35,225,177
239,TNT,2017-3-27,8:14 PM,10:44 PM,150,CLE,San Antonio,1.5,1799,1367
240,TNT,2017-3-27,10:44 PM,1:12 AM,148,NOP,Utah,0.8,942,757
241,NBA TV,2017-3-28,8:02 PM,10:41 PM,159,GSW,Houston,1.15,744,577
242,NBA TV,2017-3-28,10:41 PM,12:54 AM,133,WAS,L.A. Lakers,0.51,333,254
243,NBA TV,2017-3-29,7:01 PM,10:04 PM,183,OKC,Orlando,0.4,233,200
244,ESPN,2017-3-29,9:31 PM,12:04 AM,153,GSW,San Antonio,2.4,2911,2093
245,TNT,2017-3-30,8:14 PM,10:37 PM,143,CLE,Chicago,1.7,2007,1513
246,TNT,2017-3-30,10:37 PM,1:09 AM,152,HOU,Portland,1.2,1371,1100
247,ESPN,2017-3-31,8:03 PM,10:36 PM,153,SAS,Oklahoma City,1.4,1609,1230
248,ESPN,2017-3-31,10:36 PM,12:58 AM,142,HOU,Golden State,1.8,2213,1601
249,ABC,2017-4-2,12:59 PM,3:29 PM,150,BOS,New York,1.2,1862,1470
250,ABC,2017-4-2,3:29 PM,6:00 PM,151,UTA,San Antonio,1.6,2528,1860
251,NBA TV,2017-4-2,6:00 PM,9:10 PM,190,DEN,Miami,0.35,233,176
252,NBA TV,2017-4-2,9:10 PM,11:26 PM,136,HOU,Phoenix,0.49,305,246
253,NBA TV,2017-4-3,7:01 PM,9:29 PM,148,POR,Minnesota,0.32,196,160
254,ESPN,2017-4-4,8:01 PM,10:35 PM,154,MIL,Oklahoma City,1.2,1377,1033
255,ESPN,2017-4-4,10:35 PM,1:07 AM,152,MIN,Golden State,1.6,1836,1377
256,ESPN,2017-4-5,8:01 PM,10:35 PM,154,CLE,Boston,1.9,2146,1612
257,ESPN,2017-4-5,10:35 PM,1:09 AM,154,DAL,L.A. Clippers,1.2,1282,1035
258,TNT,2017-4-6,8:13 PM,11:01 PM,168,BOS,Atlanta,1.1,1304,1001
259,TNT,2017-4-6,11:01 PM,1:20 AM,139,MIN,Portland,0.9,1039,789
260,NBA TV,2017-4-7,7:31 PM,9:48 PM,137,ATL,Cleveland,0.59,433,295
261,NBA TV,2017-4-7,9:48 PM,12:31 AM,163,OKC,Phoenix,0.73,547,363
262,NBA TV,2017-4-8,5:00 PM,7:25 PM,145,CHI,Brooklyn,0.24,174,122
263,ABC,2017-4-8,8:29 PM,10:53 PM,144,LAC,San Antonio,1.2,1932,1478
264,NBA TV,2017-4-9,12:00 PM,2:21 PM,141,MIN,L.A. Lakers,0.3,189,150
265,NBA TV,2017-4-9,3:32 PM,6:24 PM,172,TOR,New York,0.69,459,347
266,NBA TV,2017-4-9,6:24 PM,8:22 PM,118,CLE,Atlanta,0.68,453,339
267,NBA TV,2017-4-9,9:29 PM,11:54 PM,145,HOU,Sacramento,0.51,347,257
268,TNT,2017-4-10,8:14 PM,10:43 PM,149,WAS,Detroit,0.7,862,656
269,TNT,2017-4-10,10:43 PM,1:12 AM,149,HOU,L.A. Clippers,0.9,1074,829
270,NBA TV,2017-4-11,8:03 PM,10:28 PM,145,OKC,Minnesota,0.49,320,246
271,ESPN,2017-4-12,8:01 PM,10:35 PM,154,ATL,Indiana,0.9,1049,811
272,ESPN,2017-4-12,10:35 PM,12:58 AM,143,NOP,Portland,0.8,874,667
1,TNT,2015-10-27,0.833333333,0.935416667,147,CLE,Chicago,2.6,3461,2417
2,TNT,2015-10-27,0.935416667,0.065277778,187,NOP,Golden State,1.9,2528,1791
3,ESPN,2015-10-28,0.836805556,0.938888889,147,SAS,Oklahoma City,1.5,1818,1416
4,ESPN,2015-10-28,0.938888889,0.054166667,166,MIN,L.A. Lakers,2,2361,1839
5,TNT,2015-10-29,0.843055556,0.946527778,149,ATL,New York,0.9,1062,878
6,TNT,2015-10-29,0.946527778,0.055555556,157,DAL,L.A. Clippers,1.2,1401,878
7,ESPN,2015-10-30,0.789583333,0.897222222,155,MIA,Cleveland,1.5,1800,1337
8,ESPN,2015-10-30,0.897222222,0.002777778,152,GSW,Houston,1.5,1812,1413
9,NBA TV,2015-10-31,0.8125,0.920833333,156,GSW,New Orleans,0.36,268,193
10,NBA TV,2015-10-31,0.940972222,0.052083333,160,SAC,L.A. Clippers,0.44,275,234
11,NBA TV,2015-11-1,0.75,0.854861111,151,MIL,Toronto,0.12,83,66
12,NBA TV,2015-11-2,0.833333333,0.943055556,158,OKC,Houston,0.52,331,279
13,NBA TV,2015-11-2,0.943055556,0.044444444,146,MEM,Golden State,0.47,317,253
14,NBA TV,2015-11-3,0.814583333,0.915972222,146,ATL,Miami,0.69,403,371
15,NBA TV,2015-11-3,0.9375,0.045833333,156,DEN,L.A. Lakers,0.68,412,363
16,ESPN,2015-11-4,0.836805556,0.940277778,149,NYK,Cleveland,1.9,2296,1719
17,ESPN,2015-11-4,0.940277778,0.058333333,170,LAC,Golden State,2.3,2850,2155
18,TNT,2015-11-5,0.843055556,0.940972222,141,OKC,Chicago,1.3,1630,1241
19,TNT,2015-11-5,0.940972222,0.049305556,156,MEM,Portland,1,1149,920
20,ESPN,2015-11-6,0.836805556,0.943055556,153,MIA,Indiana,1.2,1423,1125
21,ESPN,2015-11-6,0.943055556,0.051388889,156,HOU,Sacramento,1.2,1341,1081
22,NBA TV,2015-11-7,0.875,0.977083333,147,MEM,Utah,0.18,135,96
23,NBA TV,2015-11-9,0.793055556,0.895833333,148,CHI,Philadelphia,0.38,256,204
24,NBA TV,2015-11-10,0.791666667,0.890277778,142,OKC,Washington,0.5,329,270
25,ESPN,2015-11-11,0.836805556,0.95,163,LAC,Dallas,1.5,1733,1355
26,ESPN,2015-11-11,0.95,0.042361111,133,SAS,Portland,1.5,1716,1344
27,TNT,2015-11-12,0.843055556,0.95,154,GSW,Minnesota,1.2,1451,1082
28,TNT,2015-11-12,0.95,0.054166667,150,LAC,Phoenix,0.9,1078,856
29,NBA TV,2015-11-13,0.8125,0.922916667,159,CLE,New York,0.79,532,424
30,NBA TV,2015-11-13,0.922916667,0.029166667,153,BRK,Sacramento,0.6,398,322
31,NBA TV,2015-11-14,0.875,0.988194444,163,DEN,Phoenix,0.24,145,127
32,NBA TV,2015-11-17,0.791666667,0.895833333,150,MIL,Washington,0.29,175,157
33,NBA TV,2015-11-17,0.9375,0.047916667,159,TOR,Golden State,0.84,586,449
34,ESPN,2015-11-18,0.836805556,0.940972222,150,NOP,Oklahoma City,1.2,1402,1103
35,ESPN,2015-11-18,0.940972222,0.038888889,141,CHI,Phoenix,1.3,1507,1180
36,TNT,2015-11-19,0.843055556,0.951388889,156,MIL,Cleveland,1.4,1622,1306
37,TNT,2015-11-19,0.951388889,0.0625,160,GSW,L.A. Clippers,2.4,2741,2201
38,ESPN,2015-11-20,0.836805556,0.940972222,150,SAS,New Orleans,1.2,1393,1107
39,ESPN,2015-11-20,0.940972222,0.040277778,143,CHI,Golden State,2.3,2853,2134
40,NBA TV,2015-11-21,0.8125,0.915972222,149,WAS,Detroit,0.23,175,124
41,ESPN,2015-11-22,0.833333333,0.938888889,152,GSW,Denver,0.8,912,690
42,NBA TV,2015-11-23,0.813194444,0.913888889,145,NYK,Miami,0.34,227,184
43,TNT,2015-11-24,0.843055556,0.948611111,152,BOS,Atlanta,1.1,1266,1010
44,TNT,2015-11-24,0.948611111,0.043055556,136,LAL,Golden State,2.2,2717,2084
45,NBA TV,2015-11-25,0.833333333,0.940277778,154,MEM,Houston,0.44,307,234
46,NBA TV,2015-11-27,0.793055556,0.897916667,151,MIL,Orlando,0.34,226,183
47,NBA TV,2015-11-27,0.897916667,0,147,GSW,Phoenix,0.83,648,445
48,NBA TV,2015-11-28,0.854166667,0.961111111,154,DEN,Dallas,0.22,145,118
49,NBA TV,2015-11-29,0.750694444,0.863194444,162,PHI,Memphis,0.18,125,98
50,NBA TV,2015-11-30,0.833333333,0.939583333,153,SAS,Chicago,0.46,329,250
51,NBA TV,2015-12-1,0.792361111,0.9,155,WAS,Cleveland,0.55,364,298
52,NBA TV,2015-12-1,0.916666667,0.036111111,172,DAL,Portland,0.44,282,238
53,NBA TV,2015-12-2,0.833333333,0.945138889,161,NOP,Houston,0.41,254,222
54,NBA TV,2015-12-2,0.945138889,0.057638889,162,IND,L.A. Clippers,0.5,349,271
55,TNT,2015-12-3,0.801388889,0.909722222,156,OKC,Miami,0.9,1041,875
56,TNT,2015-12-3,0.909722222,0.011805556,147,SAS,Memphis,0.7,841,668
57,ESPN,2015-12-4,0.791666667,0.899305556,155,BRK,New York,0.9,1108,854
58,ESPN,2015-12-4,0.899305556,0.022222222,177,CLE,New Orleans,1.6,2145,1506
59,NBA TV,2015-12-5,0.833333333,0.943055556,158,CLE,Miami,0.45,291,241
60,NBA TV,2015-12-7,0.833333333,0.953472222,173,BOS,New Orleans,0.21,136,112
61,NBA TV,2015-12-8,0.793055556,0.895138889,147,GSW,Indiana,1.18,823,635
62,NBA TV,2015-12-8,0.916666667,0.020833333,150,UTA,Sacramento,0.49,342,262
63,ESPN,2015-12-9,0.791666667,0.900694444,157,CHI,Boston,1.1,1226,980
64,ESPN,2015-12-9,0.900694444,0.998611111,141,ATL,Dallas,1.3,1357,1151
65,TNT,2015-12-10,0.843055556,0.940277778,140,LAC,Chicago,1,1166,953
66,TNT,2015-12-10,0.940277778,0.052083333,161,NYK,Sacramento,1,1096,915
67,ESPN,2015-12-11,0.791666667,0.9,156,MIA,Indiana,1,1112,894
68,ESPN,2015-12-11,0.9,0.995833333,138,LAL,San Antonio,1.3,1447,1203
69,NBA TV,2015-12-12,0.854166667,0.952777778,142,GSW,Milwaukee,0.97,630,523
70,NBA TV,2015-12-14,0.854166667,0.9625,156,PHX,Dallas,0.19,122,101
71,NBA TV,2015-12-15,0.8125,0.906944444,136,CLE,Boston,0.81,541,434
72,NBA TV,2015-12-15,0.916666667,0.028472222,161,HOU,Sacramento,0.68,433,366
73,ESPN,2015-12-16,0.833333333,0.942361111,157,MEM,Chicago,1.1,1277,1025
74,ESPN,2015-12-16,0.942361111,0.040972222,142,PHX,Golden State,1.7,1969,1555
75,TNT,2015-12-17,0.843055556,0.949305556,153,OKC,Cleveland,2,2416,1827
76,TNT,2015-12-17,0.949305556,0.057638889,156,HOU,L.A. Lakers,1.3,1533,1208
77,ESPN,2015-12-18,0.836805556,0.95,163,LAC,San Antonio,1.5,1734,1339
78,ESPN,2015-12-18,0.95,0.049305556,143,NOP,Phoenix,1,1132,929
79,NBA TV,2015-12-19,0.791666667,0.886805556,137,CHA,Washington,0.19,122,101
80,NBA TV,2015-12-21,0.8125,0.9125,144,MIN,Boston,0.25,166,133
81,NBA TV,2015-12-21,0.939583333,0.040277778,145,OKC,L.A. Clippers,0.44,306,239
82,NBA TV,2015-12-22,0.813194444,0.919444444,153,DAL,Toronto,0.39,236,210
83,NBA TV,2015-12-23,0.791666667,0.893055556,146,HOU,Orlando,0.35,234,191
84,NBA TV,2015-12-23,0.940277778,0.033333333,134,OKC,L.A. Lakers,0.41,276,223
85,ESPN,2015-12-25,0.499305556,0.616666667,169,NOP,Miami,2.4,3169,2239
86,ABC,2015-12-25,0.602083333,0.709027778,154,CHI,Oklahoma City,3.2,5852,3769
87,ABC,2015-12-25,0.709027778,0.833333333,179,CLE,Golden State,5.7,11166,6620
88,ESPN,2015-12-25,0.833333333,0.940972222,155,SAS,Houston,2.6,3881,2341
89,ESPN,2015-12-25,0.940972222,0.036805556,138,LAC,L.A. Lakers,2.1,2887,1915
90,NBA TV,2015-12-26,0.791666667,0.907638889,167,HOU,New Orleans,0.25,176,135
91,NBA TV,2015-12-27,0.791666667,0.899305556,155,NYK,Boston,0.17,130,93
92,NBA TV,2015-12-28,0.833333333,0.940277778,154,TOR,Chicago,0.28,186,152
93,NBA TV,2015-12-29,0.835416667,0.951388889,167,MIL,Oklahoma City,0.49,331,265
94,NBA TV,2015-12-30,0.8125,0.921527778,157,LAL,Boston,0.45,294,242
95,NBA TV,2015-12-30,0.921527778,0.017361111,138,DEN,Portland,0.38,274,205
96,NBA TV,2016-1-2,0.708333333,0.8125,150,PHX,Sacramento,0.25,177,134
97,NBA TV,2016-1-2,0.855555556,0.957638889,147,HOU,San Antonio,0.52,413,280
98,NBA TV,2016-1-4,0.8375,0.950694444,163,IND,Miami,0.57,390,307
99,NBA TV,2016-1-4,0.950694444,0.024305556,106,MEM,Portland,0.44,285,237
100,NBA TV,2016-1-5,0.834027778,0.941666667,155,MIL,Chicago,0.63,439,339
101,NBA TV,2016-1-5,0.941666667,0.034722222,134,GSW,L.A. Lakers,0.68,466,369
102,ESPN,2016-1-6,0.790972222,0.899305556,156,NYK,Miami,1,1219,942
103,ESPN,2016-1-6,0.899305556,0.004166667,151,MEM,Oklahoma City,1.2,1455,1099
104,TNT,2016-1-7,0.833333333,0.940277778,154,BOS,Chicago,1.1,1393,1020
105,TNT,2016-1-7,0.940277778,0.047222222,154,LAL,Sacramento,1,1238,949
106,ESPN,2016-1-8,0.836805556,0.940972222,150,CLE,Minnesota,1.5,1734,1331
107,ESPN,2016-1-8,0.940972222,0.046527778,152,OKC,L.A. Lakers,1.4,1642,1278
108,NBA TV,2016-1-10,0.833333333,0.935416667,147,CHA,Denver,0.26,172,138
109,NBA TV,2016-1-12,0.834027778,0.941666667,155,CHI,Milwaukee,0.46,293,249
110,NBA TV,2016-1-12,0.941666667,0.041666667,144,NOP,L.A. Lakers,0.48,322,260
111,ESPN,2016-1-13,0.836805556,0.940972222,150,IND,Boston,1.1,1197,982
112,ESPN,2016-1-13,0.940972222,0.043055556,147,MIA,L.A. Clippers,1,1221,957
113,NBA TV,2016-1-14,0.625694444,0.745138889,172,TOR,Orlando,0.12,77,67
114,TNT,2016-1-14,0.842361111,0.950694444,156,CLE,San Antonio,2.4,2935,2218
115,TNT,2016-1-14,0.950694444,0.050694444,144,LAL,Golden State,1.9,2355,1781
116,ESPN,2016-1-15,0.791666667,0.899305556,155,MIN,Oklahoma City,1.1,1230,972
117,ESPN,2016-1-15,0.899305556,0.004861111,152,CLE,Houston,1.6,1914,1491
118,ESPN,2016-1-18,0.604166667,0.718055556,164,NOP,Memphis,0.7,754,663
119,NBA TV,2016-1-18,0.711805556,0.8,127,ORL,Atlanta,0.23,139,123
120,TNT,2016-1-18,0.833333333,0.940277778,154,GSW,Cleveland,2.8,3622,2633
121,TNT,2016-1-18,0.940277778,0.065972222,181,HOU,L.A. Clippers,1.3,1580,1224
122,NBA TV,2016-1-19,0.834027778,0.938194444,150,MIN,New Orleans,0.35,241,190
123,ESPN,2016-1-20,0.8375,0.934722222,140,GSW,Chicago,1.7,2073,1597
124,ESPN,2016-1-20,0.934722222,0.045833333,160,ATL,Portland,1,1126,874
125,TNT,2016-1-21,0.833333333,0.944444444,160,LAC,Cleveland,1.7,2034,1557
126,TNT,2016-1-21,0.944444444,0.046527778,147,SAS,Phoenix,1.1,1382,1035
127,ESPN,2016-1-22,0.836805556,0.940972222,150,MIA,Toronto,1,1254,921
128,ESPN,2016-1-22,0.940972222,0.044444444,149,IND,Golden State,1.6,2007,1505
129,ABC,2016-1-23,0.855555556,0.959722222,150,CHI,Cleveland,2.4,3916,2780
130,NBA TV,2016-1-25,0.792361111,0.9,155,MIN,Cleveland,0.73,476,395
131,NBA TV,2016-1-25,0.941666667,0.040972222,143,SAS,Golden State,2.03,1442,1094
132,NBA TV,2016-1-26,0.8125,0.934027778,175,OKC,New York,0.71,462,380
133,NBA TV,2016-1-26,0.938888889,0.042361111,149,DAL,L.A. Lakers,0.43,278,230
134,ESPN,2016-1-27,0.836805556,0.944444444,155,HOU,San Antonio,1.3,1560,1209
135,ESPN,2016-1-27,0.944444444,0.039583333,137,DAL,Golden State,1.7,2092,1577
136,TNT,2016-1-28,0.833333333,0.939583333,153,NYK,Toronto,0.8,1003,784
137,TNT,2016-1-28,0.939583333,0.039583333,144,CHI,L.A. Lakers,1,1152,890
138,NBA TV,2016-1-29,0.834027778,0.94375,158,HOU,Oklahoma City,0.67,446,360
139,NBA TV,2016-1-29,0.94375,0.036111111,133,LAL,L.A. Clippers,0.62,433,332
140,ABC,2016-1-30,0.85625,0.959027778,148,SAS,Cleveland,2.1,3316,2412
141,ABC,2016-1-31,0.647916667,0.75,147,CHI,L.A. Clippers,1.9,2886,2175
142,NBA TV,2016-1-31,0.751388889,0.863888889,162,BOS,Orlando,0.37,270,197
143,NBA TV,2016-1-31,0.876388889,0.984027778,155,MIN,Portland,0.35,268,189
144,NBA TV,2016-2-1,0.791666667,0.909027778,169,CLE,Indiana,0.81,544,433
145,NBA TV,2016-2-1,0.916666667,0.020138889,149,MIL,Sacramento,0.47,322,251
146,NBA TV,2016-2-2,0.833333333,0.9375,150,MIA,Houston,0.5,333,267
147,NBA TV,2016-2-2,0.9375,0.051388889,164,MIN,L.A. Lakers,0.46,324,248
148,ESPN,2016-2-3,0.836805556,0.941666667,151,GSW,Washington,1.9,2257,1719
149,ESPN,2016-2-3,0.941666667,0.051388889,158,MIN,L.A. Clippers,1.2,1424,1077
150,TNT,2016-2-4,0.804861111,0.913194444,156,NYK,Detroit,0.9,987,793
151,TNT,2016-2-4,0.913194444,0.0125,143,LAL,New Orleans,1,1179,888
152,ESPN,2016-2-5,0.790972222,0.899305556,156,IND,Atlanta,0.8,882,726
153,ESPN,2016-2-5,0.899305556,0.002083333,148,SAS,Dallas,1.2,1382,1070
154,ESPN,2016-2-6,0.884027778,0.986805556,148,OKC,Golden State,2.5,3230,2312
155,ABC,2016-2-7,0.585416667,0.690972222,152,LAC,Miami,1.3,1979,1529
156,NBA TV,2016-2-8,0.833333333,0.959722222,182,ORL,Atlanta,0.29,179,153
157,TNT,2016-2-9,0.843055556,0.95,154,SAS,Miami,1.1,1293,997
158,TNT,2016-2-9,0.95,0.059027778,157,HOU,Golden State,1.8,2249,1709
159,ESPN,2016-2-10,0.836805556,0.940972222,150,LAL,Cleveland,1.6,1777,1421
160,ESPN,2016-2-10,0.940972222,0.048611111,155,HOU,Portland,1.1,1222,969
161,TNT,2016-2-11,0.833333333,0.933333333,144,NOP,Oklahoma City,0.9,1119,864
162,TNT,2016-2-18,0.843055556,0.945138889,147,CHI,Cleveland,1.6,1909,1463
163,TNT,2016-2-18,0.945138889,0.046527778,146,SAS,L.A. Clippers,1.4,1729,1323
164,ESPN,2016-2-19,0.836805556,0.940972222,150,IND,Oklahoma City,1.2,1337,1056
165,ESPN,2016-2-19,0.940972222,0.044444444,149,BOS,Utah,0.9,1079,817
166,ABC,2016-2-20,0.85625,0.963194444,154,GSW,L.A. Clippers,2.2,3472,2563
167,ABC,2016-2-21,0.647222222,0.753472222,153,CLE,Oklahoma City,2.2,3536,2607
168,ESPN,2016-2-21,0.832638889,0.940277778,155,LAL,Chicago,1.3,1645,1196
169,NBA TV,2016-2-22,0.834027778,0.936805556,148,GSW,Atlanta,0.89,586,474
170,NBA TV,2016-2-22,0.936805556,0.039583333,148,PHX,L.A. Clippers,0.49,322,261
171,NBA TV,2016-2-23,0.791666667,0.89375,147,NOP,Washington,0.42,262,223
172,NBA TV,2016-2-23,0.916666667,0.019444444,148,BRK,Portland,0.35,226,185
173,ESPN,2016-2-24,0.836805556,0.940972222,150,WAS,Chicago,0.9,944,782
174,ESPN,2016-2-24,0.940972222,0.035416667,136,SAS,Sacramento,1,1126,896
175,TNT,2016-2-25,0.843055556,0.946527778,149,OKC,New Orleans,1.1,1333,989
176,TNT,2016-2-25,0.946527778,0.057638889,160,HOU,Portland,1,1124,895
177,ESPN,2016-2-26,0.836805556,0.940972222,150,CHI,Atlanta,0.9,1074,861
178,ESPN,2016-2-26,0.940972222,0.038888889,141,MEM,L.A. Lakers,0.8,964,756
179,ABC,2016-2-27,0.85625,0.979861111,141,GSW,Oklahoma City,3.2,5322,3756
180,NBA TV,2016-2-28,0.792361111,0.894444444,147,MIN,Dallas,0.37,243,195
181,NBA TV,2016-2-29,0.791666667,0.903472222,161,IND,Cleveland,0.7,476,378
182,NBA TV,2016-2-29,0.919444444,0.017361111,141,OKC,Sacramento,0.59,399,315
183,NBA TV,2016-3-1,0.8125,0.915277778,148,CHI,Miami,0.59,381,315
184,NBA TV,2016-3-1,0.9375,0.052083333,165,ATL,Golden State,0.98,684,526
185,ESPN,2016-3-2,0.836805556,0.93125,136,DET,San Antonio,1.2,1351,1074
186,ESPN,2016-3-2,0.93125,0.040277778,157,OKC,L.A. Clippers,1.3,1461,1176
187,TNT,2016-3-3,0.84375,0.944444444,145,SAS,New Orleans,1.3,1611,1241
188,TNT,2016-3-3,0.944444444,0.045138889,145,OKC,Golden State,2.9,3614,2660
189,ESPN,2016-3-4,0.836805556,0.940972222,150,WAS,Cleveland,1.3,1506,1171
190,ESPN,2016-3-4,0.940972222,0.038888889,141,ATL,L.A. Lakers,1,1145,882
191,ABC,2016-3-5,0.855555556,0.970138889,165,HOU,Chicago,1.2,1867,1358
192,ABC,2016-3-6,0.647222222,0.753472222,153,GSW,L.A. Lakers,2.4,3723,2747
193,NBA TV,2016-3-6,0.75,0.85625,153,POR,Detroit,0.31,230,164
194,NBA TV,2016-3-7,0.791666667,0.911805556,173,MEM,Cleveland,0.67,470,360
195,NBA TV,2016-3-8,0.916666667,0.040277778,178,WAS,Portland,0.44,280,235
196,ESPN,2016-3-9,0.791666667,0.898611111,154,MEM,Boston,0.8,893,751
197,ESPN,2016-3-9,0.898611111,0.002777778,150,LAC,Oklahoma City,1.3,1534,1180
198,TNT,2016-3-10,0.843055556,0.944444444,146,CHI,San Antonio,1.2,1469,1112
199,TNT,2016-3-10,0.944444444,0.047916667,149,CLE,L.A. Lakers,1.4,1778,1331
200,NBA TV,2016-3-11,0.833333333,0.927083333,135,MIA,Chicago,0.45,319,243
201,NBA TV,2016-3-11,0.943055556,0.044444444,146,NYK,L.A. Clippers,0.38,249,203
202,ABC,2016-3-12,0.85625,0.961805556,152,OKC,San Antonio,1.7,2568,1926
203,ABC,2016-3-13,0.647916667,0.75,147,CLE,L.A. Clippers,1.6,2543,1911
204,NBA TV,2016-3-13,0.750694444,0.844444444,135,IND,Atlanta,0.27,201,143
205,ESPN,2016-3-14,0.833333333,0.940972222,155,DET,Washington,0.8,893,732
206,ESPN,2016-3-14,0.940972222,0.040972222,144,CLE,Utah,1.3,1424,1195
207,NBA TV,2016-3-15,0.854166667,0.958333333,150,LAC,San Antonio,0.57,410,306
208,ESPN,2016-3-16,0.791666667,0.899305556,155,OKC,Boston,0.9,989,822
209,ESPN,2016-3-16,0.899305556,0.003472222,150,LAC,Houston,1.1,1221,971
210,NBA TV,2016-3-17,0.854861111,0.958333333,149,POR,San Antonio,0.42,283,226
211,NBA TV,2016-3-18,0.813194444,0.910416667,140,BOS,Toronto,0.2,125,106
212,ABC,2016-3-19,0.85625,0.959722222,149,GSW,San Antonio,3.1,5171,3555
213,NBA TV,2016-3-20,0.814583333,0.908333333,135,SAC,New York,0.22,145,116
214,NBA TV,2016-3-21,0.791666667,0.890277778,142,SAS,Charlotte,0.39,270,209
215,NBA TV,2016-3-21,0.915972222,0.020833333,151,MEM,Phoenix,0.41,286,222
216,TNT,2016-3-22,0.843055556,0.946527778,149,HOU,Oklahoma City,1,1211,952
217,TNT,2016-3-22,0.946527778,0.051388889,151,MEM,L.A. Lakers,0.8,946,773
218,ESPN,2016-3-23,0.836805556,0.940972222,150,NYK,Chicago,1.2,1419,1111
219,ESPN,2016-3-23,0.940972222,0.046527778,152,LAC,Golden State,2.1,2538,1906
220,NBA TV,2016-3-24,0.793055556,0.891666667,142,NOP,Indiana,0.14,93,77
221,NBA TV,2016-3-25,0.813194444,0.923611111,159,CHA,Detroit,0.19,122,100
222,NBA TV,2016-3-26,0.833333333,0.933333333,144,SAS,Oklahoma City,0.45,321,242
223,NBA TV,2016-3-28,0.833333333,0.932638889,143,ATL,Chicago,0.35,247,188
224,NBA TV,2016-3-28,0.938888889,0.041666667,148,BOS,L.A. Clippers,0.4,279,216
225,TNT,2016-3-29,0.843055556,0.954861111,161,HOU,Cleveland,1.2,1373,1079
226,TNT,2016-3-29,0.954861111,0.054861111,144,WAS,Golden State,1.6,1848,1499
227,NBA TV,2016-3-30,0.813888889,0.915277778,146,ATL,Toronto,0.33,214,178
228,NBA TV,2016-3-30,0.938194444,0.052083333,164,MIA,L.A. Lakers,0.57,373,306
229,TNT,2016-3-31,0.801388889,0.90625,151,CHI,Houston,0.9,1079,845
230,TNT,2016-3-31,0.90625,0.007638889,146,LAC,Oklahoma City,1.4,1763,1309
231,ESPN,2016-4-1,0.836111111,0.960416667,179,CLE,Atlanta,1.6,1868,1416
232,ESPN,2016-4-1,0.960416667,0.047916667,126,BOS,Golden State,2.3,2691,2039
233,NBA TV,2016-4-2,0.833333333,0.943055556,158,DET,Chicago,0.24,161,128
234,ABC,2016-4-3,0.647916667,0.761805556,164,OKC,Houston,1.4,2110,1620
235,NBA TV,2016-4-3,0.833333333,0.938194444,151,POR,Golden State,1.14,818,608
236,TNT,2016-4-5,0.843055556,0.944444444,146,DET,Miami,0.8,885,694
237,TNT,2016-4-5,0.944444444,0.060416667,167,MIN,Golden State,1.4,1607,1260
238,ESPN,2016-4-6,0.790972222,0.899305556,156,CLE,Indiana,0.9,1039,816
239,ESPN,2016-4-6,0.899305556,0.004861111,152,HOU,Dallas,1.3,1457,1150
240,TNT,2016-4-7,0.843055556,0.946527778,149,CHI,Miami,1.3,1562,1242
241,TNT,2016-4-7,0.946527778,0.047222222,145,SAS,Golden State,2.8,3437,2576
242,NBA TV,2016-4-8,0.854861111,0.968055556,163,MEM,Dallas,0.49,343,262
243,ESPN,2016-4-9,0.832638889,0.940972222,156,GSW,Memphis,1.8,2238,1627
244,ABC,2016-4-9,0.85625,0.961805556,152,CLE,Chicago,1.3,1950,1479
245,NBA TV,2016-4-10,0.5,0.604861111,151,CHA,Washington,0.31,188,168
246,NBA TV,2016-4-10,0.645833333,0.758333333,162,DAL,L.A. Clippers,0.64,463,344
247,NBA TV,2016-4-10,0.791666667,0.906944444,166,GSW,San Antonio,3.34,2561,1783
248,NBA TV,2016-4-11,0.791666667,0.890972222,143,ATL,Cleveland,0.58,376,309
249,NBA TV,2016-4-11,0.920138889,0.020833333,145,SAC,Phoenix,0.5,317,266
250,TNT,2016-4-12,0.843055556,0.955555556,162,OKC,San Antonio,1.4,1707,1295
251,TNT,2016-4-12,0.955555556,0.045138889,129,MEM,L.A. Clippers,1.1,1374,1030
252,ESPN,2016-4-13,0.836805556,0.943055556,153,MIA,Boston,1.5,1793,1394
253,ESPN2,2016-4-13,0.933333333,0.050694444,169,UTA,L.A. Lakers,2.7,3465,2402
254,ESPN,2016-4-13,0.943055556,0.042361111,143,MEM,Golden State,2.9,3649,2625
1,TNT,2014-10-28,0.8375,0.947222222,158,DAL,San Antonio,1.8,2301,1718
2,TNT,2014-10-28,0.947222222,0.068055556,174,HOU,L.A. Lakers,1.9,2420,1850
3,ESPN,2014-10-29,0.835416667,0.940277778,151,CHI,New York,1.4,1686,1307
4,ESPN,2014-10-29,0.940277778,0.044444444,150,OKC,Portland,1.4,1713,1331
5,TNT,2014-10-30,0.834722222,0.945833333,160,NYK,Cleveland,3.2,4024,3021
6,TNT,2014-10-30,0.945833333,0.066666667,174,OKC,L.A. Clippers,1.8,2100,1695
7,ESPN,2014-10-31,0.836111111,0.954861111,171,CLE,Chicago,3,3877,2832
8,ESPN,2014-10-31,0.954861111,0.052083333,140,LAC,L.A. Lakers,2.2,2884,2125
9,NBA TV,2014-11-1,0.832638889,0.944444444,161,CHI,Minnesota,0.37,282,211
10,NBA TV,2014-11-1,0.944444444,0.05,152,LAL,Golden State,0.69,489,397
11,NBA TV,2014-11-2,0.8125,0.922222222,158,CHA,New York,0.29,225,166
12,NBA TV,2014-11-4,0.8125,0.922916667,159,HOU,Miami,0.81,616,461
13,NBA TV,2014-11-4,0.922916667,0.029166667,153,CLE,Portland,1.1,836,629
14,ESPN,2014-11-5,0.836805556,0.952777778,167,IND,Washington,1.1,1368,1048
15,ESPN,2014-11-5,0.952777778,0.038194444,123,LAC,Golden State,1.4,1651,1294
16,TNT,2014-11-6,0.843055556,0.947222222,150,SAS,Houston,1.2,1497,1150
17,TNT,2014-11-6,0.947222222,0.048611111,146,DAL,Portland,1.1,1383,1080
18,ESPN,2014-11-7,0.836805556,0.943055556,153,MEM,Oklahoma City,1.2,1456,1145
19,ESPN,2014-11-7,0.943055556,0.04375,145,CLE,Denver,1.9,2382,1834
20,NBA TV,2014-11-8,0.854166667,0.965277778,160,NOP,San Antonio,0.3,215,169
21,NBA TV,2014-11-9,0.791666667,0.891666667,144,PHI,Toronto,0.21,158,122
22,NBA TV,2014-11-10,0.8125,0.925694444,163,ATL,New York,0.25,170,141
23,NBA TV,2014-11-10,0.9375,0.048611111,160,SAS,L.A. Clippers,0.43,318,244
24,NBA TV,2014-11-11,0.8125,0.918055556,152,ORL,Toronto,0.4,289,227
25,NBA TV,2014-11-11,0.939583333,0.036805556,140,SAS,Golden State,0.64,466,364
26,ESPN,2014-11-12,0.815277778,0.920138889,151,IND,Miami,1.4,1587,1327
27,ESPN,2014-11-12,0.920138889,0.020833333,145,HOU,Minnesota,1.4,1622,1303
28,TNT,2014-11-13,0.84375,0.95,153,CHI,Toronto,1.2,1447,1145
29,TNT,2014-11-13,0.95,0.049305556,143,BRK,Golden State,1.1,1263,1024
30,NBA TV,2014-11-14,0.793055556,0.893055556,144,DEN,Indiana,0.31,196,177
31,ESPN,2014-11-14,0.935416667,0.020833333,123,SAS,L.A. Lakers,1.2,1329,1111
32,NBA TV,2014-11-15,0.916666667,0.03125,165,BRK,Portland,0.19,144,107
33,NBA TV,2014-11-16,0.791666667,0.909722222,170,HOU,Oklahoma City,0.34,249,194
34,NBA TV,2014-11-17,0.792361111,0.888888889,139,DEN,Cleveland,0.42,302,241
35,NBA TV,2014-11-17,0.9375,0.041666667,150,CHI,L.A. Clippers,0.36,285,205
36,NBA TV,2014-11-18,0.918055556,0.023611111,152,NOP,Sacramento,0.48,341,274
37,ESPN,2014-11-19,0.791666667,0.900694444,157,SAS,Cleveland,2.1,2648,2033
38,ESPN,2014-11-19,0.900694444,0.004861111,150,LAL,Houston,1.9,2270,1793
39,TNT,2014-11-20,0.843055556,0.946527778,149,LAC,Miami,1,1217,955
40,TNT,2014-11-20,0.946527778,0.052777778,153,CHI,Sacramento,0.9,1083,878
41,ESPN,2014-11-21,0.836805556,0.940972222,150,CLE,Washington,1.5,1870,1439
42,ESPN,2014-11-21,0.940972222,0.038194444,140,CHI,Portland,1.2,1440,1127
43,NBA TV,2014-11-22,0.833333333,0.949305556,167,DAL,Houston,0.45,360,255
44,NBA TV,2014-11-23,0.751388889,0.855555556,150,CHA,Miami,0.17,127,97
45,NBA TV,2014-11-25,0.815277778,0.920138889,151,GSW,Miami,0.58,406,329
46,ESPN,2014-11-26,0.815972222,0.940277778,179,NYK,Dallas,1,1253,956
47,NBA TV,2014-11-26,0.938194444,0.040972222,148,MEM,L.A. Lakers,0.39,292,221
48,NBA TV,2014-11-28,0.833333333,0.934722222,146,LAC,Houston,0.48,363,274
49,NBA TV,2014-11-29,0.792361111,0.8875,137,NOP,Washington,0.25,182,142
50,NBA TV,2014-12-2,0.91875,0.027777778,157,TOR,Sacramento,0.33,240,188
51,NBA TV,2014-12-3,0.791666667,0.888194444,139,CHI,Charlotte,0.34,235,196
52,TNT,2014-12-4,0.84375,0.947222222,149,CLE,New York,1.4,1817,1381
53,TNT,2014-12-4,0.947222222,0.043055556,138,NOP,Golden State,1.1,1299,1047
54,NBA TV,2014-12-5,0.791666667,0.901388889,158,DEN,Washington,0.28,196,162
55,NBA TV,2014-12-5,0.915277778,0.038194444,177,IND,Sacramento,0.33,252,189
56,NBA TV,2014-12-6,0.833333333,0.940972222,155,GSW,Chicago,0.36,275,208
57,NBA TV,2014-12-8,0.811805556,0.930555556,171,DEN,Toronto,0.24,194,138
58,NBA TV,2014-12-9,0.834027778,0.933333333,143,DAL,Memphis,0.47,356,268
59,NBA TV,2014-12-9,0.933333333,0.045138889,161,SAC,L.A. Lakers,0.44,332,253
60,ESPN,2014-12-10,0.836111111,0.940972222,151,NOP,Dallas,1.1,1368,1035
61,ESPN,2014-12-10,0.940972222,0.041666667,145,MIA,Denver,0.9,1131,879
62,TNT,2014-12-11,0.843055556,0.947222222,150,CLE,Oklahoma City,1.8,2307,1726
63,TNT,2014-12-11,0.947222222,0.071527778,179,HOU,Sacramento,1.1,1298,1033
64,ESPN,2014-12-12,0.791666667,0.9,156,POR,Chicago,1,1206,990
65,ESPN,2014-12-12,0.9,0.014583333,165,LAL,San Antonio,1.8,2170,1657
66,NBA TV,2014-12-15,0.793055556,0.891666667,142,LAL,Indiana,0.23,155,130
67,ESPN,2014-12-16,0.836805556,0.940972222,150,GSW,Memphis,1.6,1872,1474
68,ESPN,2014-12-16,0.940972222,0.04375,148,OKC,Sacramento,1.3,1529,1197
69,ESPN,2014-12-17,0.836111111,0.940972222,151,BRK,Toronto,0.9,1044,856
70,ESPN,2014-12-17,0.940972222,0.063888889,177,HOU,Denver,1,1164,929
71,TNT,2014-12-18,0.843055556,0.946527778,149,NYK,Chicago,1.4,1748,1327
72,TNT,2014-12-18,0.946527778,0.05,149,OKC,Golden State,1.6,2029,1527
73,ESPN,2014-12-19,0.835416667,0.971527778,196,POR,San Antonio,1.4,1599,1307
74,ESPN,2014-12-19,0.971527778,0.042361111,102,OKC,L.A. Lakers,1.6,1869,1515
75,NBA TV,2014-12-21,0.75,0.858333333,156,DET,Brooklyn,0.1,104,84
76,NBA TV,2014-12-23,0.79375,0.894444444,145,MIN,Cleveland,0.5,357,282
77,ESPN,2014-12-25,0.499305556,0.6,145,WAS,New York,2.3,3042,2137
78,ABC,2014-12-25,0.601388889,0.714583333,163,OKC,San Antonio,3.3,5885,3857
79,ABC,2014-12-25,0.714583333,0.833333333,171,CLE,Miami,4.8,9328,5537
80,TNT,2014-12-25,0.843055556,0.938888889,138,LAL,Chicago,2.5,4040,2434
81,TNT,2014-12-25,0.946527778,0.054861111,156,GSW,L.A. Clippers,2.1,3076,1999
82,NBA TV,2014-12-26,0.833333333,0.959027778,181,CHA,Oklahoma City,0.59,489,335
83,NBA TV,2014-12-27,0.813888889,0.925,160,MEM,Miami,0.38,306,215
84,NBA TV,2014-12-27,0.925,0.038888889,164,NYK,Sacramento,0.43,354,248
85,NBA TV,2014-12-29,0.792361111,0.918055556,181,MIL,Charlotte,0.28,203,163
86,NBA TV,2014-12-30,0.8125,0.916666667,150,CLE,Atlanta,0.46,346,263
87,NBA TV,2015-1-2,0.813194444,0.913888889,145,DAL,Boston,0.45,356,258
88,NBA TV,2015-1-5,0.835416667,0.934722222,143,WAS,New Orleans,0.38,268,219
89,NBA TV,2015-1-5,0.934722222,0.041666667,154,OKC,Golden State,0.64,425,369
90,NBA TV,2015-1-6,0.835416667,0.936111111,145,PHX,Milwaukee,0.42,288,238
91,ESPN,2015-1-7,0.791666667,0.898611111,154,HOU,Cleveland,1.3,1413,1188
92,ESPN,2015-1-7,0.898611111,0.001388889,148,PHX,Minnesota,0.9,1073,865
93,TNT,2015-1-8,0.84375,0.948611111,151,HOU,New York,1.2,1420,1114
94,TNT,2015-1-8,0.948611111,0.046527778,141,MIA,Portland,1.2,1391,1119
95,ESPN,2015-1-9,0.836111111,0.940972222,151,CHI,Washington,1.3,1490,1203
96,ESPN,2015-1-9,0.940972222,0.04375,148,CLE,Golden State,1.5,1769,1459
97,NBA TV,2015-1-11,0.876388889,0.970138889,135,CLE,Sacramento,0.31,212,178
98,NBA TV,2015-1-12,0.813194444,0.915972222,148,NOP,Boston,0.19,155,110
99,NBA TV,2015-1-13,0.791666667,0.889583333,141,SAS,Washington,0.42,325,238
100,ESPN,2015-1-14,0.836111111,0.938888889,148,WAS,Chicago,1.2,1342,1125
101,ESPN,2015-1-14,0.938888889,0.045138889,153,LAC,Portland,1.2,1443,1163
102,NBA TV,2015-1-15,0.620833333,0.729861111,157,NYK,Milwaukee,0.14,93,79
103,TNT,2015-1-15,0.843055556,0.950694444,155,OKC,Houston,1.5,1738,1386
104,TNT,2015-1-15,0.950694444,0.056944444,153,CLE,L.A. Lakers,1.7,2022,1663
105,ESPN,2015-1-16,0.836805556,0.940972222,150,GSW,Oklahoma City,1.4,1676,1337
106,ESPN,2015-1-16,0.940972222,0.057638889,168,CLE,L.A. Clippers,1.7,1952,1609
107,NBA TV,2015-1-17,0.833333333,0.9375,150,GSW,Houston,0.43,298,246
108,ESPN,2015-1-19,0.604166667,0.704861111,145,DET,Atlanta,0.7,830,705
109,NBA TV,2015-1-19,0.708333333,0.817361111,157,DAL,Memphis,0.29,199,163
110,TNT,2015-1-19,0.8125,0.915972222,149,CHI,Cleveland,1.4,1784,1380
111,TNT,2015-1-19,0.915972222,0.026388889,159,LAL,Phoenix,1,1205,968
112,NBA TV,2015-1-20,0.815972222,0.916666667,145,OKC,Miami,0.57,388,326
113,ESPN,2015-1-21,0.836111111,0.957638889,175,OKC,Washington,1.3,1524,1245
114,ESPN,2015-1-21,0.957638889,0.046527778,128,HOU,Golden State,1.5,1592,1383
115,TNT,2015-1-22,0.833333333,0.934722222,146,SAS,Chicago,1.5,1853,1460
116,TNT,2015-1-22,0.94375,0.04375,144,BRK,L.A. Clippers,0.9,1103,897
117,ESPN,2015-1-23,0.833333333,0.935416667,147,CHI,Dallas,1.1,1215,1021
118,NBA TV,2015-1-24,0.8125,0.916666667,150,NYK,Charlotte,0.29,194,164
119,NBA TV,2015-1-24,0.916666667,0.021527778,151,WAS,Portland,0.42,276,237
120,ABC,2015-1-25,0.538194444,0.64375,152,MIA,Chicago,1.8,2587,2093
121,ABC,2015-1-25,0.64375,0.754166667,159,OKC,Cleveland,2.8,4199,3235
122,NBA TV,2015-1-25,0.834027778,0.949305556,166,WAS,Denver,0.25,164,144
123,NBA TV,2015-1-26,0.834027778,0.941666667,155,MIN,Oklahoma City,0.41,291,237
124,NBA TV,2015-1-27,0.8125,0.916666667,150,CLE,Detroit,0.55,385,314
125,NBA TV,2015-1-27,0.938194444,0.050694444,162,CHI,Golden State,0.65,440,370
126,ESPN,2015-1-28,0.836111111,0.9375,146,BRK,Atlanta,1,1145,955
127,ESPN,2015-1-28,0.9375,0.04375,153,WAS,Phoenix,1,1142,930
128,TNT,2015-1-29,0.833333333,0.939583333,153,DEN,Memphis,0.6,733,605
129,TNT,2015-1-29,0.939583333,0.063194444,178,CHI,L.A. Lakers,1,1238,963
130,ESPN,2015-1-30,0.836111111,0.940972222,151,DAL,Miami,1.1,1200,1016
131,ESPN,2015-1-30,0.940972222,0.044444444,149,CHI,Phoenix,1.1,1287,1062
132,ESPN,2015-1-31,0.875,0.984722222,158,LAC,San Antonio,1.3,1685,1257
133,NBA TV,2015-2-2,0.834722222,0.938194444,149,ATL,New Orleans,0.4,268,231
134,NBA TV,2015-2-3,0.814583333,0.90625,132,MIA,Detroit,0.34,235,192
135,NBA TV,2015-2-3,0.916666667,0.020833333,150,UTA,Portland,0.39,258,222
136,ESPN,2015-2-4,0.836111111,0.940972222,151,CHI,Houston,1,1115,918
137,ESPN,2015-2-4,0.940972222,0.046527778,152,DAL,Golden State,1.3,1425,1205
138,TNT,2015-2-5,0.833333333,0.944444444,160,LAC,Cleveland,1.6,1821,1529
139,TNT,2015-2-5,0.944444444,0.045138889,145,PHX,Portland,1.1,1228,1027
140,ESPN,2015-2-6,0.791666667,0.902777778,160,LAC,Toronto,0.8,984,788
141,ESPN,2015-2-6,0.902777778,0.997916667,137,MIA,San Antonio,1.1,1233,1043
142,NBA TV,2015-2-7,0.791666667,0.882638889,131,CHI,New Orleans,0.28,186,162
143,ABC,2015-2-8,0.538888889,0.649305556,159,LAC,Oklahoma City,1.6,2450,1916
144,ABC,2015-2-8,0.649305556,0.75,145,LAL,Cleveland,2.2,3402,2521
145,NBA TV,2015-2-8,0.791666667,0.897916667,146,SAS,Toronto,0.24,227,143
146,NBA TV,2015-2-9,0.854166667,0.961111111,154,LAC,Dallas,0.38,255,219
147,TNT,2015-2-10,0.843055556,0.95,154,HOU,Phoenix,0.7,893,709
148,TNT,2015-2-10,0.95,0.056944444,154,DEN,L.A. Lakers,0.6,727,617
149,ESPN,2015-2-11,0.836805556,0.938888889,147,MIA,Cleveland,1.4,1596,1335
150,ESPN,2015-2-11,0.938888889,0.053472222,165,HOU,L.A. Clippers,1.2,1424,1145
151,TNT,2015-2-12,0.833333333,0.939583333,153,CLE,Chicago,1.7,2097,1653
152,TNT,2015-2-19,0.84375,0.95,153,DAL,Oklahoma City,1.4,1759,1317
153,TNT,2015-2-19,0.95,0.071527778,175,SAS,L.A. Clippers,1.3,1503,1262
154,ESPN,2015-2-20,0.836111111,0.940277778,150,CLE,Washington,1.4,1643,1294
155,ESPN,2015-2-20,0.940277778,0.040277778,144,SAS,Golden State,1.6,1850,1485
156,NBA TV,2015-2-21,0.833333333,0.928472222,137,PHX,Chicago,0.47,386,270
157,NBA TV,2015-2-22,0.792361111,0.893055556,145,DEN,Oklahoma City,0.49,338,282
158,NBA TV,2015-2-22,0.893055556,0.019444444,182,BOS,L.A. Lakers,0.48,341,275
159,NBA TV,2015-2-23,0.836111111,0.938194444,147,TOR,New Orleans,0.28,228,161
160,NBA TV,2015-2-23,0.938194444,0.044444444,153,MEM,L.A. Clippers,0.44,338,250
161,NBA TV,2015-2-24,0.833333333,0.927083333,135,IND,Oklahoma City,0.47,310,269
162,ESPN,2015-2-25,0.836111111,0.943055556,154,LAC,Houston,1.1,1300,1061
163,ESPN,2015-2-25,0.943055556,0.035416667,133,SAS,Portland,1.1,1243,1050
164,TNT,2015-2-26,0.843055556,0.948611111,152,GSW,Cleveland,2.1,2644,1955
165,TNT,2015-2-26,0.948611111,0.071527778,177,OKC,Phoenix,1.3,1548,1262
166,ESPN,2015-2-27,0.836805556,0.940972222,150,MIA,New Orleans,1,1150,952
167,ESPN,2015-2-27,0.940972222,0.047222222,153,OKC,Portland,1.4,1682,1326
168,NBA TV,2015-2-28,0.875,0.979166667,150,SAS,Phoenix,0.34,229,192
169,ABC,2015-3-1,0.538888889,0.646527778,155,LAC,Chicago,1.7,2514,1981
170,ABC,2015-3-1,0.646527778,0.777777778,189,CLE,Houston,2.8,4323,3265
171,ESPN,2015-3-1,0.770833333,0.875,150,OKC,L.A. Lakers,1.1,1246,1031
172,NBA TV,2015-3-2,0.813194444,0.94375,188,PHX,Miami,0.38,261,219
173,NBA TV,2015-3-3,0.814583333,0.911805556,140,HOU,Atlanta,0.39,261,224
174,ESPN,2015-3-4,0.836805556,0.940972222,150,LAL,Miami,1,1127,978
175,ESPN,2015-3-4,0.940972222,0.063888889,177,POR,L.A. Clippers,1.2,1328,1091
176,TNT,2015-3-5,0.843055556,0.946527778,149,OKC,Chicago,1.7,2064,1617
177,TNT,2015-3-5,0.946527778,0.04375,140,DAL,Portland,1.3,1512,1252
178,ESPN,2015-3-6,0.836805556,0.955555556,171,PHX,Brooklyn,0.7,837,686
179,ESPN,2015-3-6,0.955555556,0.045833333,130,DAL,Golden State,1.1,1280,1022
180,NBA TV,2015-3-7,0.8125,0.909027778,139,PHX,Cleveland,0.38,265,220
181,ABC,2015-3-8,0.538194444,0.645138889,154,CHI,San Antonio,1.5,2264,1737
182,ABC,2015-3-8,0.645138889,0.75,151,LAC,Golden State,1.8,2847,2134
183,NBA TV,2015-3-8,0.791666667,0.892361111,145,TOR,Oklahoma City,0.59,439,340
184,NBA TV,2015-3-8,0.892361111,0.998611111,153,DAL,L.A. Lakers,0.55,359,314
185,NBA TV,2015-3-9,0.833333333,0.9375,150,MEM,Chicago,0.37,252,209
186,NBA TV,2015-3-10,0.854166667,0.961805556,155,CLE,Dallas,0.72,480,409
187,ESPN,2015-3-11,0.836111111,0.952777778,168,LAC,Oklahoma City,1.2,1281,1139
188,ESPN,2015-3-11,0.952777778,0.045833333,134,HOU,Portland,1.2,1364,1115
189,TNT,2015-3-12,0.801388889,0.911111111,158,MEM,Washington,0.6,725,613
190,TNT,2015-3-12,0.911111111,0.0375,182,CLE,San Antonio,1.8,2140,1725
191,NBA TV,2015-3-13,0.854166667,0.952777778,142,LAC,Dallas,0.3,191,169
192,NBA TV,2015-3-14,0.791666667,0.899305556,155,BOS,Indiana,0.26,180,146
193,ABC,2015-3-15,0.538194444,0.648611111,159,CHI,Oklahoma City,1.6,2274,1822
194,ABC,2015-3-15,0.648611111,0.770833333,176,HOU,L.A. Clippers,1.8,2704,2089
195,NBA TV,2015-3-15,0.750694444,0.863194444,162,CLE,Orlando,0.43,330,246
196,ESPN,2015-3-16,0.833333333,0.938888889,152,CLE,Miami,1.6,1890,1476
197,ESPN,2015-3-16,0.938888889,0.042361111,149,LAL,Golden State,1.4,1599,1291
198,NBA TV,2015-3-17,0.833333333,0.935416667,147,MIL,New Orleans,0.34,234,192
199,ESPN,2015-3-18,0.836111111,0.945833333,158,ORL,Dallas,0.8,847,728
200,ESPN,2015-3-18,0.945833333,0.044444444,142,ATL,Golden State,1.4,1581,1284
201,NBA TV,2015-3-23,0.791666667,0.904166667,162,HOU,Indiana,0.3,200,173
202,NBA TV,2015-3-23,0.938194444,0.038888889,145,WAS,Golden State,0.51,346,289
203,TNT,2015-3-24,0.842361111,0.946527778,150,SAS,Dallas,0.9,1164,890
204,TNT,2015-3-24,0.946527778,0.045833333,143,GSW,Portland,1.1,1351,1034
205,ESPN,2015-3-25,0.791666667,0.899305556,155,CHI,Toronto,0.9,953,822
206,ESPN,2015-3-25,0.899305556,0.990277778,131,OKC,San Antonio,1.3,1530,1220
207,NBA TV,2015-3-27,0.916666667,0.015277778,142,POR,Phoenix,0.19,141,111
208,ABC,2015-3-29,0.518055556,0.628472222,159,HOU,Washington,1,1343,1191
209,NBA TV,2015-3-29,0.875,0.980555556,152,OKC,Phoenix,0.38,291,220
210,NBA TV,2015-3-30,0.814583333,0.921527778,154,HOU,Toronto,0.39,227,222
211,NBA TV,2015-3-30,0.921527778,0.009027778,126,PHX,Portland,0.32,222,183
212,TNT,2015-3-31,0.843055556,0.949305556,153,SAS,Miami,1.1,1349,1079
213,TNT,2015-3-31,0.949305556,0.065972222,168,GSW,L.A. Clippers,1.4,1620,1351
214,NBA TV,2015-4-1,0.813888889,0.909722222,138,IND,Boston,0.29,191,165
215,NBA TV,2015-4-1,0.909722222,0.029861111,173,LAC,Portland,0.58,384,329
216,TNT,2015-4-2,0.843055556,0.950694444,155,MIA,Cleveland,1.6,1994,1513
217,TNT,2015-4-2,0.950694444,0.058333333,155,PHX,Golden State,1.1,1272,1029
218,ESPN,2015-4-3,0.836111111,0.943055556,154,OKC,Memphis,1.1,1377,1067
219,ESPN,2015-4-3,0.943055556,0.030555556,126,POR,L.A. Lakers,1.1,1342,1024
220,ABC,2015-4-5,0.538194444,0.659027778,174,HOU,Oklahoma City,1.9,2848,2237
221,ABC,2015-4-5,0.659027778,0.757638889,142,CHI,Cleveland,2.8,4299,3208
222,NBA TV,2015-4-5,0.791666667,0.883333333,132,GSW,San Antonio,0.59,425,338
223,NBA TV,2015-4-5,0.890972222,0.995138889,150,LAC,L.A. Lakers,0.41,295,232
224,TNT,2015-4-7,0.843055556,0.942361111,143,SAS,Oklahoma City,0.9,1217,865
225,TNT,2015-4-7,0.942361111,0.059027778,168,LAL,L.A. Clippers,0.8,958,757
226,ESPN,2015-4-8,0.791666667,0.899305556,155,BOS,Detroit,0.6,740,566
227,ESPN,2015-4-8,0.899305556,0.005555556,153,PHX,Dallas,0.9,1050,815
228,TNT,2015-4-9,0.843055556,0.947222222,150,CHI,Miami,1.3,1684,1277
229,TNT,2015-4-9,0.947222222,0.04375,139,POR,Golden State,1.5,1870,1459
230,NBA TV,2015-4-10,0.833333333,0.944444444,160,SAS,Houston,0.66,466,377
231,NBA TV,2015-4-10,0.944444444,0.0375,134,MIN,L.A. Lakers,0.32,224,179
232,NBA TV,2015-4-11,0.813194444,0.924305556,160,TOR,Miami,0.26,197,148
233,NBA TV,2015-4-11,0.924305556,0.027777778,149,MEM,L.A. Clippers,0.43,308,243
234,NBA TV,2015-4-12,0.750694444,0.858333333,155,ATL,Washington,0.3,197,172
235,NBA TV,2015-4-12,0.898611111,0.002777778,150,DAL,L.A. Lakers,0.3,205,173
236,NBA TV,2015-4-13,0.835416667,0.939583333,150,POR,Oklahoma City,0.46,311,259
237,NBA TV,2015-4-13,0.939583333,0.046527778,154,MEM,Golden State,0.6,397,340
238,TNT,2015-4-14,0.843055556,0.970833333,184,WAS,Indiana,1.1,1288,1041
239,TNT,2015-4-14,0.970833333,0.047222222,110,LAC,Phoenix,0.9,1082,866
240,ESPN,2015-4-15,0.791666667,0.899305556,155,CHA,Toronto,0.6,717,564
241,ESPN,2015-4-15,0.899305556,0,145,IND,Memphis,1.2,1281,1086
1,TNT,2013-10-29,0.839583333,0.948611111,157,CHI,Miami,4,5373,3874
2,TNT,2013-10-29,0.948611111,0.056944444,156,LAC,L.A. Lakers,2.8,3571,2731
3,NBA TV,2013-10-30,0.796527778,0.906944444,159,BRK,Cleveland,0.55,408,323
4,NBA TV,2013-10-30,0.939583333,0.046527778,154,LAL,Golden State,0.76,595,447
5,TNT,2013-10-31,0.844444444,0.953472222,157,NYK,Chicago,2.1,2643,2045
6,TNT,2013-10-31,0.953472222,0.074305556,174,GSW,L.A. Clippers,1.7,2158,1617
7,ESPN,2013-11-1,0.836111111,0.963194444,183,MIA,Brooklyn,1.9,2453,1890
8,ESPN,2013-11-1,0.963194444,0.052083333,128,SAS,L.A. Lakers,1.7,2176,1689
9,NBA TV,2013-11-2,0.813194444,0.913194444,144,CHI,Philadelphia,0.5,387,293
10,NBA TV,2013-11-3,0.791666667,0.901388889,158,PHX,Oklahoma City,0.38,348,224
11,NBA TV,2013-11-4,0.9375,0.051388889,164,HOU,L.A. Clippers,0.46,322,270
12,NBA TV,2013-11-5,0.854861111,0.951388889,139,LAL,Dallas,0.47,316,276
13,ESPN,2013-11-6,0.791666667,0.901388889,158,CHI,Indiana,1.7,1956,1614
14,ESPN,2013-11-6,0.901388889,0.004861111,149,DAL,Oklahoma City,1.7,2146,1666
15,TNT,2013-11-7,0.802777778,0.913194444,159,LAC,Miami,1.8,2404,1793
16,TNT,2013-11-7,0.913194444,0.027083333,164,LAL,Houston,1.8,2322,1731
17,NBA TV,2013-11-8,0.791666667,0.902777778,160,NYK,Charlotte,0.32,247,191
18,NBA TV,2013-11-8,0.916666667,0.014583333,141,SAC,Portland,0.4,294,238
19,NBA TV,2013-11-9,0.8125,0.916666667,150,IND,Brooklyn,0.5,347,296
20,NBA TV,2013-11-11,0.875,0.984027778,157,DEN,Utah,0.45,337,265
21,NBA TV,2013-11-12,0.9375,0.039583333,147,DET,Golden State,0.34,262,201
22,ESPN,2013-11-13,0.836805556,0.938194444,146,NYK,Atlanta,1.3,1597,1292
23,ESPN,2013-11-13,0.938194444,0.059027778,174,OKC,L.A. Clippers,1.5,1746,1503
24,TNT,2013-11-14,0.844444444,0.960416667,167,HOU,New York,1.6,2046,1590
25,TNT,2013-11-14,0.960416667,0.0625,147,OKC,Golden State,1.6,1821,1552
26,ESPN,2013-11-15,0.836111111,0.94375,155,MIN,Denver,1.1,1282,1089
27,ESPN,2013-11-15,0.94375,0.047916667,150,DET,Sacramento,1.1,1351,1072
28,NBA TV,2013-11-16,0.938194444,0.05,161,BRK,L.A. Clippers,0.3,222,177
29,NBA TV,2013-11-19,0.814583333,0.915277778,145,ATL,Miami,0.59,474,348
30,ESPN,2013-11-20,0.791666667,0.918055556,182,IND,New York,1.5,1802,1450
31,ESPN,2013-11-20,0.918055556,0.015277778,140,HOU,Dallas,1.7,2069,1689
32,TNT,2013-11-21,0.844444444,0.947916667,149,LAC,Oklahoma City,1.5,1896,1463
33,TNT,2013-11-21,0.95,0.052777778,148,CHI,Denver,1.2,1474,1189
34,ESPN,2013-11-22,0.836111111,0.943055556,154,SAS,Memphis,1.1,1395,1080
35,ESPN,2013-11-22,0.943055556,0.045138889,147,GSW,L.A. Lakers,1.4,1670,1367
36,NBA TV,2013-11-23,0.833333333,0.926388889,134,MIN,Houston,0.38,282,224
37,NBA TV,2013-11-24,0.752777778,0.842361111,129,PHX,Orlando,0.16,112,93
38,NBA TV,2013-11-25,0.875,0.997222222,176,CHI,Utah,0.2,155,118
39,NBA TV,2013-11-26,0.792361111,0.8875,137,LAL,Washington,0.51,385,304
40,ESPN,2013-11-27,0.815277778,0.925,158,MIA,Cleveland,1.5,1856,1464
41,NBA TV,2013-11-27,0.9375,0.040277778,148,NYK,L.A. Clippers,0.4,316,240
42,NBA TV,2013-11-29,0.834027778,0.95625,176,GSW,Oklahoma City,0.55,407,328
43,NBA TV,2013-11-30,0.833333333,0.928472222,137,BRK,Memphis,0.21,155,124
44,NBA TV,2013-12-2,0.791666667,0.898611111,154,ORL,Washington,0.18,121,108
45,NBA TV,2013-12-3,0.815277778,0.918055556,148,DET,Miami,0.74,526,438
46,TNT,2013-12-5,0.802777778,0.909027778,153,NYK,Brooklyn,1.2,1492,1176
47,TNT,2013-12-5,0.909027778,0.015277778,153,MIA,Chicago,1.6,2091,1525
48,ESPN,2013-12-6,0.8125,0.915972222,149,DEN,Boston,0.9,1061,861
49,NBA TV,2013-12-7,0.8125,0.923611111,160,LAC,Cleveland,0.23,169,134
50,NBA TV,2013-12-7,0.923611111,0.023611111,144,DAL,Portland,0.31,223,182
51,NBA TV,2013-12-8,0.895833333,0.997222222,146,TOR,L.A. Lakers,0.84,691,499
52,NBA TV,2013-12-9,0.833333333,0.938194444,151,ORL,Memphis,0.16,123,96
53,NBA TV,2013-12-10,0.793055556,0.9,154,MIA,Indiana,1.22,920,722
54,ESPN,2013-12-11,0.836111111,0.949305556,163,CHI,New York,1.3,1506,1253
55,ESPN,2013-12-11,0.949305556,0.043055556,135,DAL,Golden State,1.3,1492,1241
56,TNT,2013-12-12,0.844444444,0.955555556,160,LAC,Brooklyn,1.1,1244,1034
57,TNT,2013-12-12,0.955555556,0.059722222,150,HOU,Portland,1.1,1335,1092
58,ESPN,2013-12-13,0.836111111,0.942361111,153,LAL,Oklahoma City,1.4,1751,1364
59,ESPN,2013-12-13,0.942361111,0.054166667,161,HOU,Golden State,1.4,1748,1373
60,NBA TV,2013-12-14,0.8125,0.919444444,154,CLE,Miami,0.47,364,279
61,NBA TV,2013-12-16,0.8125,0.917361111,151,MIN,Boston,0.45,438,274
62,NBA TV,2013-12-17,0.876388889,0.975,142,OKC,Denver,0.62,438,369
63,ESPN,2013-12-18,0.790277778,0.905555556,166,IND,Miami,2.3,2775,2270
64,ESPN,2013-12-18,0.905555556,0.006944444,146,CHI,Houston,1.7,1970,1605
65,TNT,2013-12-19,0.844444444,0.947222222,148,CHI,Oklahoma City,1.4,1770,1381
66,TNT,2013-12-19,0.947222222,0.055555556,156,SAS,Golden State,1.3,1549,1227
67,ESPN,2013-12-20,0.836111111,0.940972222,151,HOU,Indiana,1.3,1699,1270
68,ESPN,2013-12-20,0.940972222,0.044444444,149,MIN,L.A. Lakers,1.2,1383,1117
69,NBA TV,2013-12-21,0.833333333,0.929861111,139,CLE,Chicago,0.3,253,207
70,NBA TV,2013-12-21,0.929861111,0.045833333,167,DEN,L.A. Clippers,0.4,283,234
71,NBA TV,2013-12-23,0.91875,0.029166667,159,NOP,Sacramento,0.2,182,148
72,ESPN,2013-12-25,0.499305556,0.601388889,147,CHI,Brooklyn,2,2779,1893
73,ABC,2013-12-25,0.602083333,0.713194444,160,OKC,New York,3,5451,3498
74,ABC,2013-12-25,0.713194444,0.826388889,163,MIA,L.A. Lakers,4.2,7832,4820
75,ESPN,2013-12-25,0.833333333,0.940277778,154,HOU,San Antonio,2.4,3395,2317
76,ESPN,2013-12-25,0.940277778,0.059722222,172,LAC,Golden State,2.2,2730,2137
77,TNT,2013-12-26,0.845138889,0.952083333,154,MEM,Houston,1.2,1477,1144
78,TNT,2013-12-26,0.952083333,0.074305556,176,LAC,Portland,1.3,1530,1248
79,NBA TV,2013-12-27,0.833333333,0.929861111,139,WAS,Minnesota,0.33,226,196
80,NBA TV,2013-12-28,0.790972222,0.89375,148,BRK,Indiana,0.19,311,215
81,NBA TV,2013-12-29,0.791666667,0.888194444,139,HOU,Oklahoma City,0.15,257,176
82,NBA TV,2013-12-30,0.834027778,0.94375,158,CHI,Memphis,0.15,245,176
83,NBA TV,2013-12-31,0.832638889,0.936805556,150,POR,Oklahoma City,0.45,358,269
84,NBA TV,2014-1-2,0.833333333,0.940972222,155,BRK,Oklahoma City,0.43,338,257
85,NBA TV,2014-1-3,0.833333333,0.946527778,163,NYK,Houston,0.34,265,204
86,NBA TV,2014-1-5,0.8125,0.915277778,148,NYK,Dallas,0.38,308,227
87,NBA TV,2014-1-7,0.816666667,0.913888889,140,NOP,Miami,0.49,373,293
88,ESPN,2014-1-8,0.791666667,0.898611111,154,DAL,San Antonio,1,1201,982
89,ESPN,2014-1-8,0.898611111,0.011111111,162,PHX,Minnesota,0.9,1106,898
90,TNT,2014-1-9,0.844444444,0.946527778,147,MIA,New York,2.4,3144,2368
91,TNT,2014-1-9,0.946527778,0.052083333,152,OKC,Denver,1.5,1709,1435
92,ESPN,2014-1-10,0.836111111,0.966666667,188,MIA,Brooklyn,2,2485,1906
93,ESPN,2014-1-10,0.966666667,0.052083333,123,LAL,L.A. Clippers,1.3,1524,1261
94,NBA TV,2014-1-13,0.835416667,0.946527778,160,WAS,Chicago,0.2,155,121
95,NBA TV,2014-1-14,0.795138889,0.893055556,141,SAC,Indiana,0.33,255,197
96,ESPN,2014-1-15,0.836111111,0.940972222,151,UTA,San Antonio,0.8,996,819
97,ESPN,2014-1-15,0.940972222,0.052083333,160,DEN,Golden State,1,1196,961
98,NBA TV,2014-1-16,0.625,0.719444444,136,BRK,Atlanta,0.16,96,94
99,TNT,2014-1-16,0.802777778,0.90625,149,NYK,Indiana,1.3,1634,1290
100,TNT,2014-1-16,0.90625,0.017361111,160,OKC,Houston,1.5,1915,1504
101,ESPN,2014-1-17,0.790972222,0.907638889,168,LAC,New York,1,1103,950
102,ESPN,2014-1-17,0.907638889,0.017361111,158,GSW,Oklahoma City,1.5,1721,1408
103,NBA TV,2014-1-18,0.791666667,0.897222222,152,LAC,Indiana,0.39,310,234
104,ESPN,2014-1-20,0.604166667,0.711111111,154,BRK,New York,0.9,986,827
105,NBA TV,2014-1-20,0.710416667,0.820833333,159,NOP,Memphis,0.25,179,150
106,TNT,2014-1-20,0.834027778,0.944444444,159,POR,Houston,1,1324,1005
107,TNT,2014-1-20,0.944444444,0.051388889,154,IND,Golden State,1.3,1558,1223
108,NBA TV,2014-1-21,0.813194444,0.917361111,150,BOS,Miami,0.78,603,467
109,ESPN,2014-1-22,0.833333333,0.949305556,167,OKC,San Antonio,1.5,1865,1427
110,ESPN,2014-1-22,0.949305556,0.051388889,147,IND,Phoenix,1.2,1372,1140
111,TNT,2014-1-23,0.833333333,0.94375,159,LAL,Miami,2,2651,1957
112,TNT,2014-1-23,0.94375,0.057638889,164,DEN,Portland,1.2,1474,1121
113,ESPN,2014-1-24,0.836111111,0.935416667,143,LAC,Chicago,1,1326,1009
114,NBA TV,2014-1-24,0.936111111,0.04375,155,MIN,Golden State,0.49,394,296
115,NBA TV,2014-1-25,0.793055556,0.890972222,141,CHI,Charlotte,0.32,267,194
116,NBA TV,2014-1-25,0.917361111,0.016666667,143,MIN,Portland,0.39,303,233
117,ABC,2014-1-26,0.538888889,0.64375,151,SAS,Miami,2.4,3546,2723
118,ABC,2014-1-26,0.64375,0.75,153,LAL,New York,2.8,4371,3296
119,ESPN,2014-1-26,0.769444444,0.880555556,160,BRK,Boston,1.2,1520,1125
120,NBA TV,2014-1-27,0.833333333,0.941666667,156,MIN,Chicago,0.36,261,213
121,NBA TV,2014-1-28,0.833333333,0.943055556,158,SAS,Houston,0.52,473,311
122,ESPN,2014-1-29,0.790972222,0.902083333,160,OKC,Miami,2.8,3864,2739
123,ESPN,2014-1-29,0.902083333,0,141,CHI,San Antonio,1.5,2043,1449
124,TNT,2014-1-30,0.833333333,0.944444444,160,CLE,New York,1.1,1380,1061
125,TNT,2014-1-30,0.944444444,0.052083333,155,LAC,Golden State,1.2,1604,1213
126,ESPN,2014-1-31,0.836111111,0.940972222,151,OKC,Brooklyn,1.4,1710,1342
127,ESPN,2014-1-31,0.940972222,0.046527778,152,GSW,Utah,1.1,1414,1100
128,ESPN,2014-2-1,0.876388889,0.967361111,131,MIA,New York,2,2645,1980
129,NBA TV,2014-2-3,0.833333333,0.934722222,146,SAS,New Orleans,0.27,209,161
130,NBA TV,2014-2-4,0.875,0.986111111,160,CHI,Phoenix,0.36,261,217
131,ESPN,2014-2-5,0.836111111,0.941666667,152,POR,New York,1.3,1703,1257
132,ESPN,2014-2-5,0.941666667,0.063194444,175,MIA,L.A. Clippers,1.9,2555,1815
133,TNT,2014-2-6,0.834027778,0.94375,158,SAS,Brooklyn,1.2,1391,1122
134,TNT,2014-2-6,0.94375,0.053472222,158,CHI,Golden State,1.2,1446,1158
135,ESPN,2014-2-7,0.791666667,0.921527778,187,POR,Indiana,1.1,1280,1041
136,ESPN,2014-2-7,0.921527778,0.009027778,126,MIN,New Orleans,1.1,1295,1050
137,NBA TV,2014-2-8,0.8125,0.913888889,146,DEN,Detroit,0.24,227,143
138,ABC,2014-2-9,0.538194444,0.647222222,157,NYK,Oklahoma City,1.9,2684,2161
139,ABC,2014-2-9,0.647222222,0.75,148,CHI,L.A. Lakers,2,3071,2359
140,NBA TV,2014-2-9,0.75,0.863194444,163,DAL,Boston,0.32,241,190
141,NBA TV,2014-2-10,0.833333333,0.931944444,142,HOU,Minnesota,0.31,264,182
142,NBA TV,2014-2-11,0.791666667,0.896527778,151,SAC,Cleveland,0.19,152,111
143,NBA TV,2014-2-11,0.916666667,0.028472222,161,OKC,Portland,0.56,442,334
144,NBA TV,2014-2-12,0.811805556,0.931944444,173,SAC,New York,0.43,320,255
145,NBA TV,2014-2-12,0.9375,0.048611111,160,MIA,Golden State,0.84,746,503
146,TNT,2014-2-13,0.834027778,0.947916667,164,BRK,Chicago,1.1,1496,1105
147,TNT,2014-2-13,0.947916667,0.061111111,163,OKC,L.A. Lakers,1.3,1735,1288
148,NBA TV,2014-2-18,0.833333333,0.939583333,153,NYK,Memphis,0.35,260,208
149,NBA TV,2014-2-18,0.939583333,0.045138889,152,SAS,L.A. Clippers,0.49,333,293
150,ESPN,2014-2-19,0.836111111,0.940277778,150,IND,Minnesota,1,1182,958
151,ESPN,2014-2-19,0.940277778,0.040972222,145,HOU,L.A. Lakers,1,1274,1001
152,TNT,2014-2-20,0.84375,0.952777778,157,MIA,Oklahoma City,2.9,3836,2843
153,TNT,2014-2-20,0.952777778,0.075694444,177,HOU,Golden State,1.7,2039,1634
154,ESPN,2014-2-21,0.836111111,0.943055556,154,DEN,Chicago,0.8,1038,782
155,ESPN,2014-2-21,0.943055556,0.045138889,147,BOS,L.A. Lakers,1,1419,1012
156,NBA TV,2014-2-22,0.791666667,0.902083333,159,NOP,Washington,0.22,140,133
157,NBA TV,2014-2-22,0.916666667,0.027083333,159,BOS,Sacramento,0.24,147,143
158,ABC,2014-2-23,0.538194444,0.65625,170,LAC,Oklahoma City,1.7,2495,1981
159,ABC,2014-2-23,0.65625,0.756944444,145,CHI,Miami,2.4,3661,2738
160,ESPN,2014-2-23,0.875,0.990972222,167,HOU,Phoenix,0.9,1130,884
161,NBA TV,2014-2-24,0.814583333,0.925694444,160,DAL,New York,0.4,304,237
162,NBA TV,2014-2-25,0.791666667,0.8875,138,LAL,Indiana,0.28,201,170
163,ESPN,2014-2-26,0.836111111,0.940277778,150,NOP,Dallas,0.9,1020,823
164,ESPN,2014-2-26,0.940277778,0.046527778,153,HOU,L.A. Clippers,1.4,1650,1350
165,TNT,2014-2-27,0.844444444,0.950694444,153,NYK,Miami,2.2,2722,2101
166,TNT,2014-2-27,0.950694444,0.05625,152,BRK,Denver,1,1245,1008
167,ESPN,2014-2-28,0.836111111,0.944444444,156,GSW,New York,1.1,1374,1073
168,ESPN,2014-2-28,0.944444444,0.047916667,149,NOP,Phoenix,0.9,1075,890
169,NBA TV,2014-3-1,0.813194444,0.928472222,166,WAS,Philadelphia,0.38,262,227
170,NBA TV,2014-3-1,0.928472222,0.027083333,142,DEN,Portland,0.37,272,220
171,ABC,2014-3-2,0.538888889,0.645833333,154,NYK,Chicago,1.6,2556,1898
172,NBA TV,2014-3-2,0.793055556,0.894444444,146,DAL,San Antonio,0.43,358,258
173,NBA TV,2014-3-3,0.813194444,0.918055556,151,CHI,Brooklyn,0.27,218,163
174,NBA TV,2014-3-3,0.918055556,0.024305556,153,NOP,Sacramento,0.3,218,176
175,NBA TV,2014-3-4,0.833333333,0.938888889,152,MIA,Houston,0.99,788,591
176,NBA TV,2014-3-4,0.938888889,0.043055556,150,NOP,L.A. Lakers,0.49,388,289
177,ESPN,2014-3-5,0.836111111,0.942361111,153,DAL,Denver,0.9,996,831
178,ESPN,2014-3-5,0.942361111,0.041666667,143,ATL,Portland,0.8,890,758
179,TNT,2014-3-6,0.844444444,0.952777778,156,MIA,San Antonio,2,2630,1968
180,TNT,2014-3-6,0.952777778,0.056944444,150,LAC,L.A. Lakers,1.4,1701,1341
181,ESPN,2014-3-7,0.791666667,0.898611111,154,MEM,Chicago,0.8,1084,753
182,ESPN,2014-3-7,0.898611111,0.008333333,158,IND,Houston,1.3,1784,1279
183,NBA TV,2014-3-8,0.813194444,0.927083333,164,NYK,Cleveland,0.25,176,149
184,ABC,2014-3-9,0.538888889,0.661111111,176,MIA,Chicago,2.2,3381,2508
185,ABC,2014-3-9,0.661111111,0.761111111,144,OKC,L.A. Lakers,2.2,3382,2525
186,NBA TV,2014-3-9,0.753472222,0.858333333,151,DET,Boston,0.25,188,152
187,NBA TV,2014-3-9,0.873611111,0.982638889,157,PHX,Golden State,0.6,418,355
188,NBA TV,2014-3-10,0.939583333,0.056944444,169,PHX,L.A. Clippers,0.41,298,245
189,NBA TV,2014-3-11,0.835416667,0.947222222,161,HOU,Oklahoma City,0.75,643,446
190,ESPN,2014-3-12,0.791666667,0.899305556,155,BRK,Miami,1.4,1626,1309
191,ESPN,2014-3-12,0.899305556,0.003472222,150,POR,San Antonio,1.4,1751,1330
192,TNT,2014-3-13,0.802777778,0.904861111,147,HOU,Chicago,1,1204,989
193,TNT,2014-3-13,0.904861111,0.013194444,156,LAL,Oklahoma City,1.3,1581,1249
194,NBA TV,2014-3-14,0.855555556,0.949305556,135,LAL,San Antonio,0.35,258,210
195,NBA TV,2014-3-15,0.813194444,0.921527778,156,DEN,Atlanta,0.21,172,125
196,ABC,2014-3-16,0.643055556,0.757638889,165,HOU,Miami,2.1,3269,2477
197,NBA TV,2014-3-16,0.898611111,0.002083333,149,CLE,L.A. Clippers,0.29,205,173
198,ESPN,2014-3-17,0.833333333,0.941666667,156,OKC,Chicago,1.2,1518,1198
199,ESPN,2014-3-17,0.941666667,0.054861111,163,LAC,Denver,1.2,1431,1149
200,NBA TV,2014-3-18,0.813888889,0.934722222,174,TOR,Atlanta,0.36,313,213
201,ESPN,2014-3-19,0.836805556,0.953472222,168,IND,New York,1.4,1681,1355
202,ESPN,2014-3-19,0.953472222,0.045138889,132,SAS,L.A. Lakers,1.3,1497,1256
203,NBA TV,2014-3-22,0.9375,0.041666667,150,SAS,Golden State,0.28,221,170
204,NBA TV,2014-3-24,0.8125,0.916666667,150,POR,Miami,0.55,398,325
205,TNT,2014-3-25,0.844444444,0.977777778,192,OKC,Dallas,1.4,1743,1319
206,TNT,2014-3-25,0.977777778,0.05625,113,NYK,L.A. Lakers,1.1,1442,1098
207,ESPN,2014-3-26,0.835416667,0.954166667,171,MIA,Indiana,2.7,3348,2587
208,ESPN,2014-3-26,0.954166667,0.045833333,132,MEM,Utah,1.1,1281,1040
209,NBA TV,2014-3-29,0.833333333,0.941666667,156,LAC,Houston,0.4,337,241
210,NBA TV,2014-3-30,0.875694444,0.983333333,155,MEM,Portland,0.31,216,186
211,NBA TV,2014-3-31,0.792361111,0.892361111,144,SAS,Indiana,0.42,298,248
212,TNT,2014-4-1,0.84375,0.949305556,152,HOU,Brooklyn,0.9,1125,891
213,TNT,2014-4-1,0.949305556,0.052083333,148,POR,L.A. Lakers,0.9,1176,911
214,ESPN,2014-4-2,0.791666667,0.902083333,159,BRK,New York,1,1187,931
215,TNT,2014-4-3,0.84375,0.95,153,SAS,Oklahoma City,1.5,1944,1481
216,TNT,2014-4-3,0.95,0.061111111,160,DAL,L.A. Clippers,1.2,1439,1154
217,ESPN,2014-4-4,0.791666667,0.909027778,169,DEN,Memphis,0.7,800,660
218,ESPN,2014-4-4,0.909027778,0.011111111,147,OKC,Houston,1.4,1746,1377
219,ABC,2014-4-6,0.538888889,0.653472222,165,NYK,Miami,2,3019,2345
220,ABC,2014-4-6,0.653472222,0.760416667,154,LAL,L.A. Clippers,2,2981,2338
221,NBA TV,2014-4-6,0.75,0.859027778,157,ATL,Indiana,0.35,278,209
222,NBA TV,2014-4-6,0.875,0.992361111,169,OKC,Phoenix,0.6,442,355
223,TNT,2014-4-8,0.84375,0.949305556,152,BRK,Miami,1.4,1789,1331
224,TNT,2014-4-8,0.949305556,0.053472222,150,HOU,L.A. Lakers,1,1250,940
225,ESPN,2014-4-9,0.836111111,0.946527778,159,MIA,Memphis,1.5,1957,1484
226,ESPN,2014-4-9,0.946527778,0.060416667,164,OKC,L.A. Clippers,1.6,1938,1543
227,TNT,2014-4-10,0.84375,0.951388889,155,SAS,Dallas,1.3,1598,1279
228,TNT,2014-4-10,0.951388889,0.054166667,148,DEN,Golden State,1.1,1305,1030
229,NBA TV,2014-4-11,0.8125,0.925,162,IND,Miami,0.93,705,550
230,NBA TV,2014-4-11,0.945138889,0.034722222,129,GSW,L.A. Lakers,0.53,390,314
231,NBA TV,2014-4-12,0.854166667,0.965277778,160,PHX,Dallas,0.48,325,283
232,ABC,2014-4-13,0.538888889,0.655555556,168,OKC,Indiana,1.9,2828,2162
233,NBA TV,2014-4-13,0.75,0.852083333,147,ORL,Brooklyn,0.28,208,168
234,NBA TV,2014-4-13,0.894444444,0.99375,143,MEM,L.A. Lakers,0.34,255,201
235,NBA TV,2014-4-14,0.834722222,0.932638889,141,SAS,Houston,0.52,421,305
236,NBA TV,2014-4-14,0.932638889,0.047222222,165,MIN,Golden State,0.52,387,310
237,TNT,2014-4-15,0.845138889,0.951388889,153,NYK,Brooklyn,1.2,1384,1132
238,TNT,2014-4-15,0.951388889,0.054861111,149,DEN,L.A. Clippers,0.9,1144,897
239,ESPN,2014-4-16,0.836111111,0.958333333,176,DAL,Memphis,1,1249,974
240,ESPN,2014-4-16,0.958333333,0.047222222,128,GSW,Denver,1.1,1572,1088
